update,global_step,pool_size,episodes,reward_agent_0,reward_agent_1,agreement_rate,disagreement_rate,timeout_rate,rounds_to_agreement,gini,episodes_vs_self,reward_agent_0_vs_self,reward_agent_1_vs_self,agreement_rate_vs_self,disagreement_rate_vs_self,timeout_rate_vs_self,rounds_to_agreement_vs_self,gini_vs_self,episodes_vs_past,reward_agent_0_vs_past,reward_agent_1_vs_past,agreement_rate_vs_past,disagreement_rate_vs_past,timeout_rate_vs_past,rounds_to_agreement_vs_past,gini_vs_past,message_entropy_agent_0,message_policy_entropy_agent_0,message_valuation_eta2_agent_0,message_offer_eta2_agent_0,message_entropy_agent_1,message_policy_entropy_agent_1,message_valuation_eta2_agent_1,message_offer_eta2_agent_1,policy_loss_agent_0,value_loss_agent_0,entropy_agent_0,approx_kl_agent_0,policy_loss_agent_1,value_loss_agent_1,entropy_agent_1,approx_kl_agent_1,ent_coef,sps
1,4236,0,680,58.907033924144116,62.60415337630429,1.0,0.0,0.0,2.114705882352941,0.2,680,58.907033924144116,62.60415337630429,1.0,0.0,0.0,2.114705882352941,0.2,0,nan,nan,nan,nan,nan,nan,nan,2.319890072846803,2.321921378523124,0.002042125429771596,0.003174456829035369,2.3195852781438315,2.321917150201419,0.0033068422563088816,0.005163027695735719,-0.015427772373092896,0.0610745167825371,1.1974260821938514,0.008003204145518339,-0.013654026282684095,0.04433933843392879,1.19720848351717,0.0052535579903528525,0.02,4515.530251541493
2,8476,0,743,60.36299704689843,61.30362541993042,1.0,0.0,0.0,1.8532974427994617,0.20363391655450871,743,60.36299704689843,61.30362541993042,1.0,0.0,0.0,1.8532974427994617,0.20363391655450871,0,nan,nan,nan,nan,nan,nan,nan,2.3068921612170072,2.309251787104674,0.0051989338827095185,0.0036193583227110727,2.3080972774953814,2.308095754528498,0.0018735018760507756,0.002436987273452359,-0.021100825690133142,0.03711370171513408,1.1738260358572006,0.00960473341016126,-0.02198116745650761,0.03157456242479384,1.1681872323155402,0.01014255656968004,0.01983056,4679.86666924678
3,12700,0,725,63.08827304848589,57.643929755170866,1.0,0.0,0.0,1.913103448275862,0.19937931034482761,725,63.08827304848589,57.643929755170866,1.0,0.0,0.0,1.913103448275862,0.19937931034482761,0,nan,nan,nan,nan,nan,nan,nan,2.3187054792181185,2.3204718203567047,0.002967420548162735,0.011370244662515036,2.2779309720515046,2.280356421390886,0.002029324436452383,0.0033350364019866263,-0.021365022108208297,0.0385404912289232,1.1558591678738594,0.00753294137008993,-0.02233776354828328,0.03159451035317033,1.13579660654068,0.008736081373433536,0.01966096,4624.286548551629
4,16956,0,671,57.10359008499059,58.10104803305323,1.0,0.0,0.0,2.171385991058122,0.19497764530551415,671,57.10359008499059,58.10104803305323,1.0,0.0,0.0,2.171385991058122,0.19497764530551415,0,nan,nan,nan,nan,nan,nan,nan,2.3082850719323447,2.306801401887435,0.0028787736768235263,0.006375509193926062,2.2678478806605122,2.265139843981792,0.000849034605554186,0.003334108008698158,-0.021556493879147615,0.03326059435494244,1.1202603727579117,0.007654802267919081,-0.021830332156054233,0.03030858242418617,1.1129472643136977,0.009134715718647612,0.019492,4598.134126272569
5,21208,0,615,59.665537982625644,60.21894159559062,1.0,0.0,0.0,2.456910569105691,0.1745040650406504,615,59.665537982625644,60.21894159559062,1.0,0.0,0.0,2.456910569105691,0.1745040650406504,0,nan,nan,nan,nan,nan,nan,nan,2.2770618635867645,2.288267150731895,0.0037616153046167193,0.0030063006892950953,2.293880613789624,2.291724781357656,0.0016829232830798426,0.005723571358287149,-0.020462463319873815,0.02883434856776148,1.0969079583883286,0.008748747919707967,-0.019265542838147298,0.02295041240286082,1.0681474715471269,0.008832909829544633,0.01932176,4602.490287059074
6,25552,0,510,58.87916381681094,57.56025975639024,1.0,0.0,0.0,3.2588235294117647,0.15972549019607846,510,58.87916381681094,57.56025975639024,1.0,0.0,0.0,3.2588235294117647,0.15972549019607846,0,nan,nan,nan,nan,nan,nan,nan,2.30889564461117,2.304313538325099,0.001974162946433931,0.006308105634249195,2.2564182660387786,2.2621834213711,0.0010315255380235673,0.006013174687519094,-0.017512345824776704,0.019160743500106037,1.0583272598683835,0.00875402182749383,-0.012448678861892404,0.02115748208016157,1.0298431821167469,0.005942718746294417,0.01915168,4628.654456074389
7,29888,0,446,53.95727560918583,54.68615962780535,0.9955156950672646,0.004484304932735426,0.0,3.7882882882882885,0.1327027027027027,446,53.95727560918583,54.68615962780535,0.9955156950672646,0.004484304932735426,0.0,3.7882882882882885,0.1327027027027027,0,nan,nan,nan,nan,nan,nan,nan,2.3064254606508867,2.2910789944071874,0.004602541676652508,0.0008438724863775934,2.2621713513355277,2.258973187380693,0.003796122788631352,0.009913701211359947,-0.012399933256710937,0.014575582626275719,1.0056367553770542,0.007909678522798913,-0.010138215563519005,0.014110141794662922,0.9915113136172294,0.004780847852083698,0.018977920000000002,4662.560966830261
8,34302,0,416,54.56348742526023,56.48566361295467,0.9951923076923077,0.004807692307692308,0.0,4.229468599033816,0.1267391304347826,416,54.56348742526023,56.48566361295467,0.9951923076923077,0.004807692307692308,0.0,4.229468599033816,0.1267391304347826,0,nan,nan,nan,nan,nan,nan,nan,2.249457258444785,2.240309893463802,0.002940153058857645,0.008289188621534587,2.2252197731560948,2.207717724817945,0.010384883545403505,0.004964591048027683,-0.010702473249388732,0.013861632870975882,0.9564825214445591,0.004835573761769752,-0.008937747068576373,0.011755584669299424,0.9623676642775536,0.004640626632634337,0.018804480000000002,4670.048097792984
9,38780,0,418,55.81595526090311,50.14211544502799,1.0,0.0,0.0,4.356459330143541,0.11141148325358853,418,55.81595526090311,50.14211544502799,1.0,0.0,0.0,4.356459330143541,0.11141148325358853,0,nan,nan,nan,nan,nan,nan,nan,2.2290907096697437,2.180396132864285,0.0039617763103873,0.0018293162652058734,2.23243365090938,2.2061231601503932,0.0033808771750889694,0.006022374902854507,-0.009270689248174702,0.010155599581776188,0.938336643576622,0.0051570398183514495,-0.008817530079731285,0.009052744967630134,0.9353030696511269,0.006219568831261313,0.01862792,4636.913142668732
10,43138,0,422,52.257551637910765,54.351684839128986,0.9976303317535545,0.002369668246445498,0.0,4.1258907363420425,0.10372921615201901,422,52.257551637910765,54.351684839128986,0.9976303317535545,0.002369668246445498,0.0,4.1258907363420425,0.10372921615201901,0,nan,nan,nan,nan,nan,nan,nan,2.2380137272793585,2.1824308530267795,0.004775008241447871,0.003832259024487998,2.2027805267579152,2.171571553446471,0.004396967421326687,0.0003210224879131193,-0.006239270717563589,0.008859895082423463,0.917338515073061,0.003900868242033084,-0.00825560042579834,0.008620208158390597,0.907056099921465,0.00631293151909631,0.0184488,4634.208301767795
11,47454,2,454,53.60088730366644,55.78864257474766,1.0,0.0,0.0,3.753303964757709,0.0920704845814978,199,51.860419627002976,57.358718939361005,1.0,0.0,0.0,3.778894472361809,0.09130653266331658,255,54.8016750805893,54.41794098659314,1.0,0.0,0.0,3.7333333333333334,0.09266666666666666,2.2333221765811038,2.1765427113049864,0.0009864687947982436,0.009238828704930915,2.1254662292560833,2.1107178904605624,0.00047535250396870126,0.0012180634227611053,-0.01041026703497836,0.0072130192187614735,0.9005069598555565,0.007212706891496623,-0.006485991390888612,0.006496079545468092,0.8787811532616615,0.0030891732591612707,0.01827448,4167.194666098078
12,51852,2,468,53.4205990032193,59.27417736888989,1.0,0.0,0.0,3.698717948717949,0.09123931623931625,231,56.563928814361404,59.69015225865041,1.0,0.0,0.0,3.5757575757575757,0.09151515151515152,237,50.3607204260013,58.8682663877526,1.0,0.0,0.0,3.818565400843882,0.0909704641350211,2.170369639367435,2.1270175639872053,0.0005488835660323787,0.0014046700967175738,2.1520210593572613,2.085057286631041,0.0019064430910644377,0.003415017894434932,-0.009244404454097976,0.007927255274262279,0.9000246919691562,0.007562851307352503,-0.008960524484080457,0.00730571702006273,0.8203945234417915,0.007578547591765528,0.01810184,4149.006913757153
13,56210,2,470,53.34250421343881,55.92581604693062,1.0,0.0,0.0,3.6361702127659576,0.08631914893617021,227,52.291099546003615,54.8381550960973,1.0,0.0,0.0,3.541850220264317,0.07837004405286344,243,54.42258355362224,56.85809686193065,1.0,0.0,0.0,3.7242798353909463,0.0937448559670782,2.2255021496301306,2.202170981926418,0.004256307020268691,0.014147921595836804,2.0385825730183225,1.990939942585054,0.0017673888008268293,0.010963972732738704,-0.00991466098800716,0.0056717162078712136,0.9008728578686714,0.008030937619713541,-0.008704412380462451,0.006574893539072946,0.8081819124519825,0.004684927852542842,0.01792592,4150.6522964649075
14,60552,2,479,53.73467219598976,55.24566864904511,1.0,0.0,0.0,3.5323590814196244,0.08070981210855953,274,53.17447078492687,55.49995136553371,1.0,0.0,0.0,3.521897810218978,0.07908759124087592,205,54.39898183388735,54.85871668917116,1.0,0.0,0.0,3.546341463414634,0.08287804878048781,2.232286888650701,2.180452216612661,0.0026096880095383365,0.004075460154278913,2.0308750525989785,1.9812174641240292,0.001343473878248114,0.008349532513187709,-0.005128510767542416,0.005929698463296518,0.8795902162790299,0.005036198404430081,-0.008304725577863792,0.007102845766348764,0.7811774723231792,0.005280388627761567,0.0177516,4146.759327912583
15,64874,2,486,58.11043932362206,54.96754975578482,1.0,0.0,0.0,3.4465020576131686,0.08197530864197532,243,59.47816009287305,51.87242451630465,1.0,0.0,0.0,3.1440329218106995,0.07880658436213994,243,56.9237404208896,58.583350269196224,1.0,0.0,0.0,3.748971193415638,0.0851440329218107,2.185212571344196,2.148324224122003,0.0031602819211609947,0.0060816626316963955,1.9654624521870732,1.9719421207970667,0.0011349328514086653,0.006616850596612201,-0.006395297020162616,0.006779904913855717,0.858710054308176,0.004226925545501104,-0.007791061610995768,0.006676934676943347,0.7741303980350495,0.004601591269442906,0.01757792,4144.078337790417
16,69208,2,463,55.49884592017107,56.18388883891722,1.0,0.0,0.0,3.6803455723542116,0.08060475161987042,238,53.13848228077459,57.93518077605264,1.0,0.0,0.0,3.4243697478991595,0.08,225,57.944267708735005,54.29433701200796,1.0,0.0,0.0,3.951111111111111,0.08124444444444445,2.158170832505977,2.1078335920334474,0.0026673002927908953,0.007158656535944416,1.9877587033673414,1.966528970490098,0.00851367947182127,0.009004547730377102,-0.006214014459481665,0.006417440227232873,0.8274808771908283,0.00416521790445989,-0.005957202812293128,0.005165258003398776,0.793104960769415,0.0033417734958504754,0.01740504,4144.230594907919
17,73516,2,468,56.67173208291718,54.824083078140646,1.0,0.0,0.0,3.6025641025641026,0.07442307692307693,244,56.42085528929944,52.994840346898954,1.0,0.0,0.0,3.5040983606557377,0.0655327868852459,224,56.94901696007363,56.786361644381735,1.0,0.0,0.0,3.7098214285714284,0.08410714285714285,2.0822896426277393,2.0779354916841726,0.007252736422212408,0.007698503346228086,1.9783824754023804,2.0206974427610302,0.00425021588994949,0.0016389566942686935,-0.003949378384171564,0.005272132606478408,0.8422237262129784,0.00385643948386587,-0.006527759146182555,0.0057652564893942325,0.7607100263237954,0.005027010646244889,0.01723168,4124.288265642145
18,77834,2,481,56.386692516930616,57.01164177758933,1.0,0.0,0.0,3.4885654885654884,0.07525987525987526,232,56.72078595629886,57.588223066445124,1.0,0.0,0.0,3.288793103448276,0.07443965517241381,249,56.11587435016999,56.395636127102385,1.0,0.0,0.0,3.674698795180723,0.07602409638554217,2.1620756339292697,2.168552640924566,0.0007751251170122442,0.017928288146310558,1.9757109088415816,1.9276584734842164,0.0012637440908911017,0.00454563630493633,-0.00862703933458353,0.006183086987584829,0.8300353936851025,0.005977693093592506,-0.006119430942504556,0.0049691841471940276,0.737976311147213,0.004164099657214137,0.01705936,4119.623244975559
19,82178,2,488,57.884619921195,57.14736678316106,1.0,0.0,0.0,3.4508196721311477,0.07854508196721313,235,56.47337343467584,54.62467398998757,1.0,0.0,0.0,3.34468085106383,0.06978723404255319,253,59.38691456813475,59.161609866082536,1.0,0.0,0.0,3.549407114624506,0.08667984189723321,2.1470997865526127,2.139308535916166,0.003725434317201668,0.0019196694966839346,1.9560295138806922,1.933065877785201,0.0008995815900815379,0.0023404272010864096,-0.007974522929658246,0.005595951533177867,0.8291071631014347,0.005563278662876314,-0.006422431101553649,0.005688533978536725,0.732558935880661,0.0035557511919819262,0.01688664,4088.695519262394
20,86498,2,525,60.900432418483895,57.56969117781075,0.9980952380952381,0.0019047619047619048,0.0,3.08206106870229,0.0711641221374046,263,61.41905328343699,57.9572811534144,1.0,0.0,0.0,2.961977186311787,0.059961977186311785,262,60.370537186901394,57.18835265342653,0.9961832061068703,0.003816793893129771,0.0,3.203065134099617,0.0824521072796935,2.1678072258801726,2.1515479981343435,0.003480006183014195,0.005469970783317438,2.0362170838248286,1.9584255977748142,0.004591125987942896,0.01596172396774472,-0.005655051034809977,0.005314569850452244,0.8408489800989628,0.004635530986671704,-0.005070205222372626,0.005769494251580909,0.6973611027002334,0.0040739279208878544,0.01671288,4086.377487893901
21,90788,4,518,57.02310999188065,56.96264000847716,1.0,0.0,0.0,3.140926640926641,0.06482625482625483,279,58.64542165192671,53.832404209847894,1.0,0.0,0.0,3.161290322580645,0.0603225806451613,239,55.313443088601346,61.040561874581336,1.0,0.0,0.0,3.1171548117154813,0.0700836820083682,2.218850059710974,2.201332212551063,8.452487914671079e-05,0.006789478436045098,1.9034056070579937,1.8699540974757598,0.004544199369713299,0.011879185416898174,-0.007027090159941562,0.004983161957352422,0.8428308844566346,0.005016158345142685,-0.005627032621617192,0.0037384916300652548,0.6599521853029728,0.005081248699221419,0.01654008,3929.5882655551436
22,95104,4,521,56.489111320801484,57.87579905453099,1.0,0.0,0.0,3.1420345489443378,0.0644721689059501,252,55.473883350512814,55.20586106361388,1.0,0.0,0.0,3.234126984126984,0.0640079365079365,269,57.43511920220685,60.38982825765731,1.0,0.0,0.0,3.0557620817843865,0.06490706319702602,2.2024781080027243,2.2011085795629413,0.0019494001956166008,0.0032394562460652553,1.8310173671080419,1.781298048672521,0.008862611076785668,0.0068371959170592505,-0.005587770850378182,0.0042294930957723405,0.834620239585638,0.006222664879760487,-0.005713988704538065,0.004721437624539249,0.6189317367970943,0.003790822560885232,0.01636848,3913.9326465417143
23,99402,4,557,56.93756803006413,56.465115464592856,1.0,0.0,0.0,2.858168761220826,0.06737881508078995,267,57.6464366330977,54.89068234213496,1.0,0.0,0.0,2.8876404494382024,0.06625468164794007,290,56.31958001716306,58.004300084309165,1.0,0.0,0.0,2.831034482758621,0.06841379310344828,2.2287016985475026,2.195251375435827,0.002066525397166211,0.013336795710446924,1.6957386433099932,1.7216234101136125,0.002776845310903773,0.0010178467751010476,-0.005915887658476971,0.0041233483934774995,0.8131967216730118,0.004373957287563712,-0.005508785685011719,0.0051711358944885434,0.6424205236136913,0.003396348237279692,0.01619584,3900.6240011837654
24,103712,4,531,57.05334316232464,59.76937896754209,1.0,0.0,0.0,3.0583804143126176,0.06131826741996234,263,56.49403150001796,56.899432732944696,1.0,0.0,0.0,2.920152091254753,0.05863117870722434,268,57.63907899765369,62.415428687383645,1.0,0.0,0.0,3.1940298507462686,0.06395522388059702,2.1550819977617395,2.1395072741946097,0.001603937668852993,0.0031476441983378438,1.775852490358786,1.7882669248558596,0.005831490765986816,0.006246826518521817,-0.006798438286673858,0.004125372294220142,0.7871828734874725,0.005598859244329901,-0.004687011071210523,0.005147687942371704,0.6853599607944488,0.005227271260118016,0.01602392,3891.368754329207
25,107992,4,544,57.367936153397906,57.66488548586092,1.0,0.0,0.0,2.9338235294117645,0.06639705882352942,253,57.609631216904766,57.761048789197645,1.0,0.0,0.0,2.794466403162055,0.06272727272727273,291,57.165388881867514,57.578403051987635,1.0,0.0,0.0,3.0549828178694156,0.06958762886597938,2.1642574444376685,2.1085402738389827,0.004180862018792295,0.006754896579690823,1.9410487508512597,1.9146878102569902,0.005899666255904428,0.0033246173795322465,-0.0051006352300553,0.004659136419650167,0.768998596072197,0.004886638003824828,-0.005816963455265678,0.0049480914341984315,0.7319609723985195,0.0050656424739827345,0.01585152,3872.3648346766486
26,112308,4,553,58.582508963402255,57.765144203832804,0.9981916817359855,0.0018083182640144665,0.0,2.871376811594203,0.06528985507246376,273,56.10393759770999,55.87460656522846,1.0,0.0,0.0,2.706959706959707,0.056300366300366306,280,60.969956381826414,59.629424375234294,0.9964285714285714,0.0035714285714285713,0.0,3.032258064516129,0.07408602150537635,2.1446817491621437,2.0985113099887025,0.005964915108670916,0.0041033335057059864,2.0491403778442514,2.012805411080135,0.00788363096590908,0.011836507238342396,-0.004301964166415035,0.004205484039266594,0.775496906042099,0.0034658301068759556,-0.007720187819594449,0.004954995249863714,0.7425089985132217,0.005680310582567927,0.01568032,3855.4383373467317
27,116598,4,553,59.17976569471273,57.70955968533293,1.0,0.0,0.0,2.878842676311031,0.061500904159132015,290,59.15639529261916,57.28820691438632,1.0,0.0,0.0,2.720689655172414,0.057241379310344835,263,59.20603475132955,58.165501116581126,1.0,0.0,0.0,3.053231939163498,0.06619771863117872,2.177602313889192,2.143317585760485,0.0016379735828799989,0.0027931784548396524,2.091477269865059,2.0562622219203894,0.0013646196641490691,0.0032632220839244517,-0.006134206454064673,0.0037985411676345394,0.7788181729614735,0.005097408905692191,-0.005417932555971816,0.004079140172689222,0.7497170262038708,0.005787000408116682,0.01550768,3841.5456479916043
28,120924,4,515,55.895019531793366,56.95101789612178,1.0,0.0,0.0,3.2,0.05658252427184467,259,55.853952668235685,55.47429612045035,1.0,0.0,0.0,3.281853281853282,0.05146718146718147,256,55.93444372080875,58.51792115427697,1.0,0.0,0.0,3.1171875,0.06175781250000001,2.177288636878888,2.1425832553768434,0.00048001963985809304,0.010297427215726709,2.1293707839627545,2.0811573465493582,0.003130013287986207,0.010932219806861558,-0.0075066986713456406,0.0042490543215535585,0.7601762942969799,0.006112221137118468,-0.007692910156742394,0.0033383447473170234,0.767125628888607,0.007313647937780843,0.01533608,3835.812226140572
29,125214,4,579,56.44899081032318,58.90388310373257,1.0,0.0,0.0,2.704663212435233,0.05848013816925734,288,56.78370813252884,59.79061755286194,1.0,0.0,0.0,2.4583333333333335,0.060069444444444446,291,56.12350706941976,58.01107513097902,1.0,0.0,0.0,2.948453608247423,0.05690721649484537,2.16151798172907,2.0917824585086504,0.001915045063216942,0.003077408988496922,2.183261906433578,2.156453356684879,0.00834813409950736,0.005307407956831802,-0.005881161868738774,0.0040875732840504496,0.740757080167532,0.0037822582899082135,-0.006190985585749331,0.004082748075597919,0.7737573191523552,0.005621459256644812,0.01516304,3829.4008532696416
30,129506,4,546,58.595291447609156,61.0688999907103,1.0,0.0,0.0,2.93040293040293,0.05926739926739927,242,59.65158607646672,58.88259822362455,1.0,0.0,0.0,2.7231404958677685,0.053099173553719015,304,57.78676963292805,62.8856859661759,1.0,0.0,0.0,3.0953947368421053,0.06417763157894738,2.1470099510992684,2.0718426965579546,0.0022360061134861363,0.006559465967426523,2.183589216312939,2.147299692662692,0.005088647123466984,0.0074767833872616575,-0.004497355328748831,0.004008297249674797,0.7221323862671852,0.003270742568241758,-0.006722563725668473,0.004107095647486858,0.7636657379567623,0.004693814072788882,0.014991440000000002,3820.990034091864
31,133826,6,575,59.81955881962192,56.93069466510021,1.0,0.0,0.0,2.756521739130435,0.0542608695652174,292,59.575909093985075,57.39964483124922,1.0,0.0,0.0,2.6164383561643834,0.048938356164383565,283,60.056623417538844,56.41658633480352,1.0,0.0,0.0,2.9010600706713783,0.05975265017667843,2.0950183855317697,2.0490973034781064,0.003580449619420398,0.003577951636143839,2.1989598164470565,2.1749174888835037,0.0013795222264609724,0.015041710781429693,-0.0031426620005791995,0.0032077505136840047,0.7266051888465881,0.002606853562599554,-0.0034717446869333536,0.0034265659051015973,0.7732997320592403,0.0024635871750660955,0.01481976,3735.7284910033445
32,138112,6,553,57.590223340263776,56.99159293645317,0.9981916817359855,0.0018083182640144665,0.0,2.8442028985507246,0.05358695652173913,263,58.17184342908609,55.922765433621585,0.9961977186311787,0.0038022813688212928,0.0,2.7748091603053435,0.05354961832061069,290,57.05834707482757,57.95198866363518,1.0,0.0,0.0,2.906896551724138,0.053620689655172415,2.126420690790073,2.081818666929111,0.0009489247130371606,0.006927588820390776,2.1638947745918102,2.1429686336391316,0.004736186631804984,0.0017031900426235367,-0.0059122177222105336,0.0036303045519161968,0.7349695503711701,0.005239226021876675,-0.011969739760864639,0.004113150286138989,0.7267149671912193,0.009324706789698212,0.01464696,3713.8218451949883
33,142408,6,610,62.046376414052595,57.83681706143077,1.0,0.0,0.0,2.5213114754098362,0.051639344262295085,308,62.62930580163695,56.067415481577164,1.0,0.0,0.0,2.4415584415584415,0.047759740259740266,302,61.45223684593777,59.642576207993706,1.0,0.0,0.0,2.6026490066225167,0.055596026490066223,2.1792097809959077,2.1116207713445676,0.004160841378404131,0.0018339369264350998,2.0870380567511755,2.078089923588048,0.002641558824374097,0.010671943862566612,-0.00611065844621172,0.003407012068782933,0.7300297059118748,0.0058898815070847375,-0.005363344872983511,0.003086184334824793,0.7161185927689075,0.003766290500902869,0.014475519999999999,3694.7470273228114
34,146648,6,585,56.9741635429301,59.390703111579114,1.0,0.0,0.0,2.623931623931624,0.050324786324786326,290,55.51569401407211,59.88137079201719,1.0,0.0,0.0,2.4793103448275864,0.046103448275862075,295,58.32349589615926,58.880143498150304,1.0,0.0,0.0,2.766101694915254,0.054474576271186445,2.181583080711771,2.131142230147039,0.001064364587072651,0.008909670911026133,2.033444603937621,2.031044054168058,0.0004391369006915883,0.010401386760543623,-0.004962164469806263,0.0032904173305723814,0.7643856562674045,0.006301906377700561,-0.006590893814576138,0.003185582984588109,0.6797454610466958,0.005865135729914072,0.01430368,3682.213989819131
35,150936,6,592,56.243950654932675,55.761274031024904,1.0,0.0,0.0,2.6216216216216215,0.05081081081081081,299,57.06048758486297,55.75228821535886,1.0,0.0,0.0,2.488294314381271,0.047257525083612036,293,55.4042495567774,55.77037808110761,1.0,0.0,0.0,2.757679180887372,0.05443686006825938,2.2546141199318166,2.2002369527087473,0.0011989988044766612,0.003789277744320708,2.013943858532112,1.9706258303461068,0.0018830703487005853,0.0074067588035165366,-0.003029457395678037,0.0025747060688445346,0.7586777105927467,0.00233055548314951,-0.005632357036301982,0.0026846316439332442,0.6310102567076683,0.00616685874445011,0.01413408,3675.420556462734
36,155258,6,604,57.73996935360208,59.003168947342225,1.0,0.0,0.0,2.577814569536424,0.053029801324503315,291,57.335339731498706,59.05213883142101,1.0,0.0,0.0,2.3608247422680413,0.04934707903780069,313,58.10512291501243,58.956171004904185,1.0,0.0,0.0,2.779552715654952,0.056453674121405756,2.2254202618227756,2.1791452363790316,0.007953723657817689,0.0024484644042805596,1.9131598866294228,1.8977894406501328,0.0071678772695340665,0.009220195123919507,-0.0082628630572243,0.0031754576979437844,0.7409135811030865,0.006110589382478793,-0.003715646459716608,0.0031992517557227983,0.6718112275004386,0.0053911225602576,0.01396256,3661.349695777024
37,159542,6,588,56.95810343563014,61.26415786501638,1.0,0.0,0.0,2.642857142857143,0.05195578231292517,287,57.00114944329503,61.446651151745655,1.0,0.0,0.0,2.4634146341463414,0.04829268292682927,301,56.92124529156708,61.07001607062353,1.0,0.0,0.0,2.813953488372093,0.055448504983388706,2.2112296968092924,2.160886049575433,0.0016281820187598812,0.0023280307363395584,2.0562558507110156,1.9987202458439968,0.004130341414817245,0.011147216111924362,-0.00524148608084789,0.0025716980133438485,0.7448848187923431,0.0053821794812620284,-0.004811937721463444,0.0033565306366654113,0.6916279427707195,0.00391849220898761,0.01378968,3652.951322681783
38,163814,6,582,59.19101010024626,58.84451130032275,1.0,0.0,0.0,2.670103092783505,0.05168384879725085,288,59.43938821905906,60.367206667341605,1.0,0.0,0.0,2.4583333333333335,0.045416666666666675,294,58.933761334333006,57.430579888090975,1.0,0.0,0.0,2.877551020408163,0.05782312925170068,2.228432184585861,2.1676109966131376,0.0013092267594406808,0.00215401188290109,2.1048810632786332,2.0987044712173506,0.0010051180219517238,0.012491567333120275,-0.005928653499214165,0.002762468451692257,0.7290690049529076,0.006441743048208081,-0.004847975082260559,0.0027544222481083124,0.7352438315749168,0.006496525413240306,0.01361832,3644.638305762485
39,168068,6,585,58.344070068612325,57.43622278614814,1.0,0.0,0.0,2.635897435897436,0.052888888888888895,277,58.64855030319583,57.96810265028507,1.0,0.0,0.0,2.523465703971119,0.04895306859205776,308,58.07087204991069,56.956874266617326,1.0,0.0,0.0,2.737012987012987,0.05642857142857144,2.1822751003572356,2.1511479301317817,0.0021567896932821293,0.005811552405304017,2.1912990140416184,2.180890292657128,0.0012017423179945409,0.005608993328879096,-0.004667477549557186,0.0031487474974710495,0.7193308994174004,0.004245110861722879,-0.011028779546114953,0.002896976820193231,0.7492174305021763,0.009831107556465213,0.013447440000000001,3637.0615219949473
40,172360,6,587,58.68124227654389,56.526565832879605,1.0,0.0,0.0,2.65587734241908,0.049880749574105626,299,58.024483750950246,56.35207456487854,1.0,0.0,0.0,2.722408026755853,0.04695652173913044,288,59.39429439004559,56.69987810582661,1.0,0.0,0.0,2.5868055555555554,0.052916666666666674,2.210656952755399,2.1595713330051187,0.002617182130704571,0.003152137972090803,2.261215518754695,2.228045070342897,0.003735858494961917,0.01832788191642932,-0.004985292370445654,0.0025533120962791143,0.7386134222149849,0.005927788049939408,-0.0042098126982918595,0.003037499077618122,0.7740562729537487,0.004762556386720007,0.01327728,3632.4556321564587
41,176666,8,601,58.223083537563795,57.26069837959979,1.0,0.0,0.0,2.5823627287853577,0.04685524126455907,301,58.29902947155778,57.170100799752134,1.0,0.0,0.0,2.3322259136212624,0.04378737541528239,300,58.126846705174486,57.33306922740706,1.0,0.0,0.0,2.8333333333333335,0.049933333333333337,2.216815920216124,2.17442502376567,0.004209073599045065,0.007010507753084742,2.287675551407658,2.2660974619380734,0.004293629190724765,0.004412362484781607,-0.004398521743649878,0.0025525177567033096,0.7344151243567467,0.005073519625136668,-0.0051741848190208104,0.0029225085949292407,0.766483948379755,0.004073552887439292,0.013105599999999999,3556.958490836483
42,180902,8,596,59.697648003500646,57.947045620894045,1.0,0.0,0.0,2.553691275167785,0.049697986577181205,306,59.38080399369246,58.093179223977614,1.0,0.0,0.0,2.549019607843137,0.04189542483660131,290,60.041650071292395,57.79701512172823,1.0,0.0,0.0,2.5586206896551724,0.057931034482758624,2.21897925810033,2.1945920632271365,0.004595386813697711,0.009965325170993133,2.2629584330630625,2.2375995828837723,0.003953105567619412,0.009511440553078858,-0.005343455613854381,0.0030230037635192277,0.7236712671816349,0.00542695181985664,-0.006610254461035014,0.0026754939870443197,0.7675346031785011,0.005448980768505862,0.012933360000000001,3543.479990490731
43,185178,8,561,57.91246330707676,58.092086298876275,1.0,0.0,0.0,2.8110516934046346,0.04935828877005348,286,55.02719087179186,59.19846025385969,1.0,0.0,0.0,2.7202797202797204,0.04381118881118881,275,60.45711330208496,56.74923546801853,1.0,0.0,0.0,2.9054545454545453,0.055127272727272726,2.2150708678703452,2.16853342385227,0.0040722459701601705,0.010192989908479796,2.2862689965293415,2.2504833298512814,0.0014800056058844133,0.0006198216429154095,-0.004039920926495832,0.0033267969673033805,0.7149616293609142,0.003776482418197702,-0.003796422269220642,0.0028753552483976818,0.7494436152279377,0.005149327417396421,0.01276392,3530.850405569443
44,189424,8,635,57.3673175540907,60.65809182861173,1.0,0.0,0.0,2.3433070866141734,0.04716535433070866,331,58.721095980154814,58.95393937781052,1.0,0.0,0.0,2.178247734138973,0.04350453172205438,304,55.91359575429027,62.53815679046339,1.0,0.0,0.0,2.523026315789474,0.051151315789473684,2.204972970371585,2.157553879838665,0.0015662797006003731,0.006674318018731902,2.2717676595594005,2.232756939997014,0.00429130912245021,0.005474565986500564,-0.006420499254290657,0.002506358685786836,0.7040958054363727,0.0069080847459737525,-0.006705065188046378,0.0027665869478369133,0.7331752926111221,0.0066624442671241015,0.01259288,3518.3465222133027
45,193716,8,619,60.49227565996275,57.74831665635467,1.0,0.0,0.0,2.466882067851373,0.04516962843295638,309,58.34625257184391,57.492000383202736,1.0,0.0,0.0,2.453074433656958,0.03935275080906149,310,62.86271946317898,57.97687893814623,1.0,0.0,0.0,2.4806451612903224,0.050967741935483875,2.1884145291867996,2.147644030619546,0.0006487390357722523,0.009128833447832557,2.19491731360348,2.1692587944755974,0.00410642988999302,0.005736299219266007,-0.00306995572924888,0.0023067316273227335,0.7038068287074566,0.00234014510238012,-0.005731417531036365,0.002486935397610068,0.7159241884946823,0.004434336672630934,0.01242304,3506.8010308177313
46,197960,8,590,59.32140192497467,55.86960273499286,1.0,0.0,0.0,2.5966101694915253,0.04538983050847458,303,58.96638362750936,56.155952465684685,1.0,0.0,0.0,2.485148514851485,0.04273927392739274,287,59.78211269267775,55.62547123382613,1.0,0.0,0.0,2.7142857142857144,0.04818815331010453,2.1557388502373658,2.1443466453054185,0.0007971129184992832,0.0050212010156672725,2.2144349876095553,2.165846526253906,0.004965975610384644,0.011543190583969893,-0.00640277252152025,0.0025273276143707333,0.7069522239267826,0.0067979383100521314,-0.00420216535002097,0.0025092485768254845,0.7148643240332604,0.005067784279071929,0.01225136,3499.6575169002044
47,202218,8,614,58.489067143609134,58.32220890668868,1.0,0.0,0.0,2.46742671009772,0.04485342019543974,302,56.102083470973334,57.94061929371516,1.0,0.0,0.0,2.2649006622516556,0.043079470198675494,312,60.72779096080169,58.70379851966222,1.0,0.0,0.0,2.6634615384615383,0.046570512820512826,2.150353936197075,2.15171139363865,0.00724503765130755,0.002966422970332302,2.206813828070853,2.1448243046304034,0.0026125987970578766,0.007342581224654073,-0.0041933490062481095,0.002476288600882981,0.6887823656201363,0.003867151353506415,-0.00650629181517155,0.002455592488695402,0.6955470860004425,0.006984437100345531,0.0120816,3487.788285282741
48,206494,8,633,57.17834800437095,57.845654254014526,1.0,0.0,0.0,2.377567140600316,0.047061611374407585,312,56.98991326748699,58.756636813272365,1.0,0.0,0.0,2.2724358974358974,0.04237179487179487,321,57.35493149994148,56.929048345625446,1.0,0.0,0.0,2.479750778816199,0.05161993769470405,2.1829139513239495,2.1346770526822008,0.0053602058226398614,0.01822488467345768,2.1764001093393093,2.1559669067472895,0.0017451582546393455,0.012746013977144994,-0.004017726298172789,0.002879026345908642,0.6817591920495033,0.003511635603626928,-0.005905633675627392,0.002505957058747299,0.6917146265506744,0.004943400011211452,0.01191128,3478.238581558135
49,210760,8,610,59.20460065836198,60.381737946319866,0.9983606557377049,0.001639344262295082,0.0,2.4679802955665027,0.04669950738916256,291,56.908631550136924,59.68505230691175,1.0,0.0,0.0,2.3539518900343643,0.04374570446735395,319,61.351480863455556,61.00242151597437,0.9968652037617555,0.003134796238244514,0.0,2.5723270440251573,0.049402515723270445,2.1745139091537222,2.114621978290868,0.002180347807319992,0.004530873084982959,2.1396168675576135,2.119357367144181,0.003056745201376565,0.007218072260304348,-0.002811798413728456,0.0027702881605364384,0.6769630186259746,0.003946569720187654,-0.0031772547095395122,0.002648741731536575,0.6826347328722477,0.0023216392242119354,0.011740239999999999,3467.6832279237733
50,215050,8,641,61.35263352394562,57.702668443047294,1.0,0.0,0.0,2.346333853354134,0.04574102964118565,328,61.27832178177088,56.63516247563099,1.0,0.0,0.0,2.3658536585365852,0.03789634146341463,313,61.434000178352164,58.7701744104636,1.0,0.0,0.0,2.3258785942492013,0.05396166134185304,2.1736184579672675,2.1371238017713026,0.0033510149973167342,0.0012433678740814394,2.1913533879323337,2.130580264454838,0.0026267963864801086,0.008289438743792293,-0.0032953558004683247,0.0025215541012585164,0.6981020614504814,0.004648976423368367,-0.004057919967269985,0.002586989113478921,0.6912241786718368,0.0033870026316435544,0.0115696,3458.7193868072213
51,219350,10,600,60.45387904260311,56.45830640954615,1.0,0.0,0.0,2.5833333333333335,0.0429,294,59.67324311450202,53.251471096379916,1.0,0.0,0.0,2.6020408163265305,0.0391156462585034,306,61.2052411234004,59.5333539701165,1.0,0.0,0.0,2.565359477124183,0.046535947712418306,2.2062238126593368,2.1775240248217536,0.0013763352576461523,0.00688674117986757,2.1935484892484483,2.156151600265493,0.0019136049978955665,0.0022025103090502498,-0.005442567800956688,0.0024997692700708283,0.6853624701499939,0.005167174844925171,-0.006756995592581916,0.0023959307582117617,0.6712304063141346,0.006692465981905116,0.011398,3405.9883465605203
52,223626,10,649,58.16857422497637,57.33026964577357,1.0,0.0,0.0,2.2942989214175653,0.04306625577812019,321,57.54478019341779,57.6255275764221,1.0,0.0,0.0,2.2429906542056073,0.039283489096573206,328,58.751280026911296,57.0276761143636,1.0,0.0,0.0,2.3445121951219514,0.04676829268292683,2.203434247746083,2.1461409950861445,0.003926756825415256,0.003199984643407212,2.1181760938102308,2.081724705993682,0.005912864598051059,0.007896955283787224,-0.0035753537735217834,0.0022181007952895015,0.6909959986805916,0.004365676533052465,-0.006243857044043855,0.0023688874091021715,0.6432169727981091,0.005995787766684657,0.011226,3397.5502031784486
53,227872,10,656,60.23387327328883,58.420807140252464,1.0,0.0,0.0,2.236280487804878,0.044375000000000005,344,62.330630139153094,58.43026433766504,1.0,0.0,0.0,2.1540697674418605,0.04084302325581395,312,57.82191766288289,58.410814629778805,1.0,0.0,0.0,2.326923076923077,0.04826923076923077,2.23802228960012,2.1521513967999133,0.003310675470153058,0.00373792652301923,2.101933913245272,2.051195323804066,0.0006343183629133179,0.00339528416344836,-0.004823612658924503,0.0022418012231355533,0.6749847836792469,0.004694963568975652,-0.0055832856297035605,0.002607737947255373,0.6168511107563972,0.005076567215276039,0.01105496,3390.1515006036348
54,232138,10,623,58.17292011233008,59.58233765880265,1.0,0.0,0.0,2.423756019261637,0.04386837881219904,325,58.393687607387605,57.23598279576984,1.0,0.0,0.0,2.356923076923077,0.039446153846153846,298,57.944694255953046,62.2728245684136,1.0,0.0,0.0,2.4966442953020134,0.04869127516778524,2.190268923715069,2.1272706576051266,0.0012566098839473096,0.0019813244566790644,2.005334954666413,1.993710889897375,0.001710861009306763,0.006288014597660594,-0.005695461915087385,0.002320738244452514,0.6684970624744893,0.0043058484148787105,-0.004225281333674502,0.0025117717086686753,0.5792610302567482,0.004008065835364505,0.01088512,3378.2421037209206
55,236410,10,629,58.05280158981718,59.650127749664854,1.0,0.0,0.0,2.395866454689984,0.045532591414944354,321,58.98027332634659,58.627166984470854,1.0,0.0,0.0,2.2118380062305296,0.04479750778816199,308,57.01098402275673,60.64151565173557,1.0,0.0,0.0,2.5876623376623376,0.0462987012987013,2.159550896155179,2.0985742341834333,0.005619968451770074,0.0010986360330900594,1.9214607547225067,1.8862543063828834,0.004655016288808269,0.0036639469906075872,-0.008509164415378207,0.0023528059449745343,0.6268888201564551,0.007679741111979865,-0.005252598399832153,0.002610734011977911,0.5375889454036951,0.004049677633074111,0.01071448,3366.4698304911885
56,240684,10,649,59.58588813828873,58.93335146562081,1.0,0.0,0.0,2.2927580893682586,0.04375963020030817,305,61.15759098846976,60.71878068073791,1.0,0.0,0.0,1.9704918032786884,0.04029508196721312,344,58.27315905319435,57.25419779902257,1.0,0.0,0.0,2.578488372093023,0.04683139534883721,2.1241354988270595,2.033832923046637,0.00040430198374660493,0.01564003917008725,1.8603838424204433,1.8564918739286407,0.002671334594171377,0.01346818956448269,-0.004779081144478292,0.0022420578316086903,0.6182925492525101,0.0045797980949146225,-0.004165820498902151,0.002136961682117544,0.5387464758008719,0.003895587173980175,0.0105436,3357.5014363760406
57,244946,10,638,58.730401046664724,58.8472376192257,1.0,0.0,0.0,2.3401253918495297,0.04170846394984326,316,56.41528129469569,56.71348455626865,1.0,0.0,0.0,2.259493670886076,0.03854430379746835,322,60.87816274427454,61.06305810768108,1.0,0.0,0.0,2.419254658385093,0.04481366459627329,2.10089610241492,2.0207055540324697,0.004805659237412332,0.011310972243799601,1.964044021694043,1.8802766964162665,0.001627649114432189,0.005115974032328802,-0.0049574004111529015,0.00233463649492478,0.5920397389680148,0.004256783443850054,-0.004691496230642894,0.0020957530286978,0.4997603055089712,0.004429140370189088,0.01037264,3347.901887870967
58,249210,10,638,60.29053841488055,60.5097439776212,1.0,0.0,0.0,2.341692789968652,0.04253918495297806,328,60.2652182918714,58.279672162910636,1.0,0.0,0.0,2.2591463414634148,0.03917682926829269,310,60.31523334966727,63.0713129539779,1.0,0.0,0.0,2.4290322580645163,0.046096774193548386,2.065521059033777,1.9488472978617541,0.0058686940014029765,0.0014496611554786916,1.8412479652844445,1.7735500892421936,0.0025590956819109387,0.008345193380020774,-0.0055469452218183226,0.0022344235869240945,0.5798868950456381,0.005443233653272728,-0.004315507148706677,0.002337097028794233,0.4578286290168762,0.004923483096035852,0.01020216,3341.8049882383457
59,253478,10,635,59.04050984376418,60.07093822670857,1.0,0.0,0.0,2.3606299212598425,0.04253543307086614,303,57.114575579761315,60.01711153917759,1.0,0.0,0.0,2.257425742574257,0.0367986798679868,332,61.014592464367105,60.11443770093417,1.0,0.0,0.0,2.4548192771084336,0.0477710843373494,2.06623570682258,1.9579535032273494,0.006427315246511006,0.0057082153530078625,1.722710778796027,1.661075535927096,0.003494691698725898,0.00013015404832102646,-0.006369745745979971,0.0020522320875898,0.5701110113412142,0.005140204598274067,-0.003420182337757044,0.00238372718449682,0.4252931721508503,0.002217991533174768,0.0100316,3334.493052074863
60,257760,10,635,57.44864012627498,60.05652660502584,1.0,0.0,0.0,2.3716535433070867,0.04124409448818897,315,58.6442520107134,59.57502587639893,1.0,0.0,0.0,2.2,0.037682539682539685,320,56.327289849565645,60.55316886599949,1.0,0.0,0.0,2.540625,0.04475,2.0246354982750425,1.9443612607057272,0.0009910648615963375,0.0027998774149281887,1.71319920723798,1.6431774950420373,0.0007996335645116857,0.014544632538716972,-0.00491491480723239,0.002023405297950376,0.568805230408907,0.006794312611145869,-0.005877440630942321,0.0022331376690999604,0.3766193188726902,0.005554246372230409,0.00986088,3327.577690557347
61,262010,12,648,58.574152170859904,60.35372735503179,1.0,0.0,0.0,2.279320987654321,0.0408641975308642,316,59.43098365722974,59.81860173353488,1.0,0.0,0.0,2.0917721518987342,0.038164556962025316,332,57.71189770039914,60.83657058822154,1.0,0.0,0.0,2.4578313253012047,0.04343373493975904,2.032886085970933,1.942720476756317,0.005846391979829776,0.017231036635877963,1.5276015760049781,1.4829746055828004,0.0007623138001689639,0.005661754748196695,-0.0037065072954699852,0.0019895790552254765,0.5624773785471916,0.003192816638500062,-0.005335774916234892,0.0018319901762879453,0.31905775628983973,0.0034596897668990323,0.009689600000000001,3281.8574648232798
62,266266,12,658,57.97691030894114,59.91839251325334,1.0,0.0,0.0,2.234042553191489,0.04129179331306991,312,57.52226022915306,58.93080959858461,1.0,0.0,0.0,2.0576923076923075,0.035608974358974366,346,58.373695833119825,60.835044058360225,1.0,0.0,0.0,2.393063583815029,0.04641618497109827,2.0181253742736343,1.9299196358934996,0.0014673797890654122,0.0030730402935716487,1.4360027135251014,1.3997596286979683,0.005127452276060028,0.006599313448780639,-0.006024349930183015,0.002364803482487332,0.5511575181037187,0.007519930178477807,-0.004208018392903462,0.0020387075215694494,0.3158373761922121,0.0029195972705792885,0.0095196,3269.5921624752527
63,270558,12,642,59.56050007883501,58.91317669487762,1.0,0.0,0.0,2.3426791277258565,0.04101246105919003,308,58.54465346864402,57.82513162898535,1.0,0.0,0.0,2.288961038961039,0.03610389610389611,334,60.67921723183014,59.74157464277286,1.0,0.0,0.0,2.3922155688622753,0.04553892215568862,2.0527765578024084,1.9611159734173764,0.0024319578299661954,0.006329858495755956,1.5825444291691926,1.451470227931469,0.001464629585206935,0.0014947424597236993,-0.0057650213072633185,0.0020690415054559707,0.5792450845241547,0.005995801176686655,-0.004908462942301817,0.002663668227614835,0.2890226490795612,0.004639654737158594,0.00934936,3263.6961250446807
64,274792,12,685,59.950379274213304,59.84423076504793,1.0,0.0,0.0,2.0905109489051097,0.04162043795620439,351,61.31386121876099,61.473184621869365,1.0,0.0,0.0,1.9230769230769231,0.0398005698005698,334,58.520789114172416,58.12852788626559,1.0,0.0,0.0,2.2664670658682633,0.04353293413173653,2.0701520755659555,1.9797020430427512,0.005187628990403654,0.004531878612858442,1.3897601498829588,1.3515344123047066,0.0024063580627169154,0.015613905665854898,-0.003659228202883236,0.0022376967754098587,0.5594623025506735,0.0036575731460061433,-0.0064736432040288115,0.0021677939759683794,0.27185373082757,0.004052807236234912,0.009177679999999999,3257.293785270945
65,279028,12,658,56.47497260952893,58.53018810448921,1.0,0.0,0.0,2.2188449848024314,0.040744680851063836,319,56.55160970613975,57.82099227567429,1.0,0.0,0.0,2.0658307210031346,0.03532915360501567,339,56.390574794273974,59.09832840934095,1.0,0.0,0.0,2.3628318584070795,0.045840707964601775,2.0219699108227047,1.876427495431751,0.0012120988155211053,0.004669992185559681,1.3487708093142614,1.3495858928659044,0.000603450396430887,0.004176884427164822,-0.0055699577034829416,0.0018171296615037136,0.5289337571710349,0.004055571751246134,-0.0036117820358523177,0.0019768821715842933,0.32149827778339385,0.0036200948478722237,0.00900832,3250.7524825935893
66,283274,12,676,58.72159509644482,60.69785500685428,1.0,0.0,0.0,2.1405325443786984,0.04124260355029586,325,57.5994783540357,62.80031868480234,1.0,0.0,0.0,2.0523076923076924,0.036276923076923075,351,59.836742169646435,58.87203128653097,1.0,0.0,0.0,2.2222222222222223,0.04584045584045584,1.9843123576083739,1.8848380263383369,0.009469487336279798,0.008585738148446645,1.516579407645061,1.4524180511296056,0.0027110130403546102,0.005260807113475949,-0.005126548405004959,0.002098137499706354,0.5221818935126066,0.00475491069086047,-0.006594276094631968,0.0017195826905663126,0.279140761308372,0.004446595414080434,0.00883888,3244.0011990933244
67,287546,12,635,59.69043079649379,59.674870844850375,1.0,0.0,0.0,2.363779527559055,0.04074015748031496,316,58.20036649422083,60.32687694948341,1.0,0.0,0.0,2.3132911392405062,0.03699367088607595,319,61.180495098766734,59.03532345559247,1.0,0.0,0.0,2.413793103448276,0.04445141065830721,2.0468222343900804,1.8977024724738283,0.0024545631923854026,0.0028430536404687417,1.3588440410280191,1.3504857748257633,0.003854058272244396,0.0037109220456678894,-0.004471726042579879,0.001980659541732166,0.5290411449968815,0.003563356876202306,-0.004307842542630169,0.0020842163823544977,0.23167825220152735,0.00280223481280899,0.00866904,3235.063172115063
68,291806,12,650,58.357198180374816,62.15649971721229,1.0,0.0,0.0,2.276923076923077,0.041784615384615385,341,59.18254174557844,62.19106660194364,1.0,0.0,0.0,2.0791788856304985,0.03903225806451612,309,57.590114160950286,62.11099079702638,1.0,0.0,0.0,2.495145631067961,0.04482200647249191,2.01790761130949,1.8862127296172797,0.0035007510618268608,0.00574837176227338,1.3382904676134226,1.2974724998224672,0.003261241492654893,0.008163612079046496,-0.003208502936114299,0.002072472263535019,0.5203450586646795,0.0027559606241084112,-0.002553480406277231,0.0025135421863524245,0.273500956594944,0.002306076354216202,0.00849816,3227.60413218261
69,296052,12,654,59.25498924959391,60.354239097197066,1.0,0.0,0.0,2.246177370030581,0.040963302752293575,319,58.85562114631139,58.19364572788766,1.0,0.0,0.0,2.188087774294671,0.036112852664576804,335,59.613279490824496,62.541839883622835,1.0,0.0,0.0,2.301492537313433,0.0455820895522388,1.9932721670256162,1.8664594309240712,0.0010547564559378957,0.007945129872924726,1.4546105293403173,1.3804217094758742,0.000987140810553968,0.010795062256992694,-0.0029566570755344994,0.002078034925216343,0.5076181191951037,0.003735014485573629,-0.0032726568152584264,0.0021367702531279063,0.3047755671665072,0.002521970488237457,0.00832776,3220.56249380096
70,300302,12,639,59.5461811027263,58.53707978444912,1.0,0.0,0.0,2.325508607198748,0.04107981220657277,333,57.63298704705539,58.27339945431398,1.0,0.0,0.0,2.159159159159159,0.03552552552552553,306,61.75078882250602,58.80756476826515,1.0,0.0,0.0,2.5065359477124183,0.04712418300653595,2.0201271857141707,1.888845544258868,0.0035528088714437567,0.015054180214796604,1.5001753567920448,1.4162451569801837,0.0008124607672232455,0.006858402516269777,-0.005940013573861069,0.0019133029112708756,0.4722909852862358,0.006363014069313522,-0.0043564275637702375,0.0020501607286860235,0.2504544885829091,0.0028835162117644584,0.00815792,3214.4505331747455
71,304524,14,646,57.81597293889407,58.34715722100638,1.0,0.0,0.0,2.2678018575851393,0.03843653250773994,349,54.74852454465892,55.910813596154604,1.0,0.0,0.0,2.2693409742120343,0.03616045845272207,297,60.86400710278595,61.71246640065773,1.0,0.0,0.0,2.265993265993266,0.04111111111111111,1.928826978054571,1.7619588248464233,0.005516983981527817,0.03275767188100113,1.283510140919594,1.2790126884416433,0.005736257371566912,0.0032526476870474957,-0.006525125795194697,0.0020352607883978636,0.45846117213368415,0.005471551194546009,-0.0032487000505986934,0.0020313677145168186,0.24419032568112015,0.0025123044018073417,0.007987919999999999,3183.6678612969376
72,308802,14,641,62.841083455906265,59.54334913132431,1.0,0.0,0.0,2.3369734789391576,0.04062402496099844,331,62.644822254715415,60.56209609644439,1.0,0.0,0.0,2.401812688821752,0.036706948640483385,310,63.05697077721619,58.48639915501222,1.0,0.0,0.0,2.267741935483871,0.044806451612903225,1.9074661048746022,1.7620736590156894,0.00984729861287213,0.0019033366856539352,1.337661901747123,1.306647298265225,0.010616895233939546,0.018280986263210286,-0.005807283279496811,0.0020877520233625545,0.4505974490195513,0.005142961554139447,-0.004438623464986846,0.0022208865397260525,0.2085335618816316,0.0028557176915001035,0.00781904,3178.2572081013113
73,313058,14,684,59.87030499232071,58.83904943747547,1.0,0.0,0.0,2.111111111111111,0.040321637426900585,339,58.45263643197021,59.38321342483403,1.0,0.0,0.0,1.9705014749262537,0.035427728613569326,345,61.20036482141358,58.27859311516602,1.0,0.0,0.0,2.2492753623188406,0.0451304347826087,1.8363119687335485,1.6792318506053718,0.005125041083477935,0.006512364439687999,1.3503458321570956,1.2124373387735081,0.002753026379595059,0.0019196288386015771,-0.003112689964261084,0.00233871121017728,0.4013365902006626,0.00266717249969588,-0.0035782317741562763,0.0018231189926154912,0.1852341467048973,0.0028005083364405436,0.007647919999999999,3170.4203685494545
74,317324,14,692,58.902426885718015,58.800271979068725,1.0,0.0,0.0,2.082369942196532,0.03862716763005781,348,57.764506124900336,60.400892833226045,1.0,0.0,0.0,2.0402298850574714,0.03775862068965517,344,59.95233167608571,57.02289544776521,1.0,0.0,0.0,2.125,0.03950581395348838,1.7786540590335622,1.6228349375028166,0.0031122908638511766,0.0017883293882180675,1.2782673299603793,1.1960094931142593,0.0024360035702341238,0.009020778073845721,-0.006308720745521368,0.0020056151697644964,0.402821471914649,0.004656684521387433,-0.003504700365939284,0.001957178840530105,0.16519916221004677,0.002940267950583575,0.0074776800000000004,3165.234341148931
75,321614,14,710,58.1114011459066,60.158172495334995,1.0,0.0,0.0,2.0211267605633805,0.037478873239436626,367,58.562788564851246,59.52609000702738,1.0,0.0,0.0,1.891008174386921,0.03523160762942779,343,57.647334305081486,60.86304023987198,1.0,0.0,0.0,2.1603498542274053,0.03988338192419825,1.8216020149491086,1.6373461020357563,0.002218974229112852,0.012700739130751312,1.1695421753005206,1.1562610869975267,0.0005877126989402087,0.007640878642664407,-0.005017941750612198,0.001616591401398182,0.3526733823120594,0.0047969317462502655,-0.0041923169336502975,0.0018520014811656438,0.14148165475344285,0.003012172186981843,0.007307040000000001,3161.92347123841
76,325854,14,684,59.50848984114001,60.83088439170019,1.0,0.0,0.0,2.0994152046783627,0.039634502923976606,352,59.859827410077735,59.68059595099704,1.0,0.0,0.0,1.90625,0.037017045454545455,332,59.10501831035993,61.96167641815415,1.0,0.0,0.0,2.3042168674698793,0.04240963855421687,1.7704596950451594,1.5415049976714392,0.0022212413480030063,0.0023882514861506337,1.1617235454236545,1.1065532923129187,0.010288562830943695,0.007833925597197668,-0.0023472120413061902,0.0018816102965502068,0.3245137320831418,0.002297421663570276,-0.00555763363463484,0.0021205348530202173,0.11149820529390127,0.0029534590465914333,0.00713544,3156.178252994654
77,330084,14,684,58.170690729988834,61.652782013511136,1.0,0.0,0.0,2.0921052631578947,0.03788011695906433,336,57.68162583286892,61.43467683774421,1.0,0.0,0.0,1.9404761904761905,0.03681547619047619,348,58.66279329727716,61.85572479737983,1.0,0.0,0.0,2.2385057471264367,0.038908045977011495,1.7349821617935106,1.509099122587944,0.002352255362373971,0.014906848386202022,1.0194695293746163,1.010379637624354,0.0012112199716562094,0.004335636543153171,-0.0042531058776154925,0.001558140735141933,0.3275509340688586,0.00346532190732205,-0.0032407149924754074,0.0019978062642621807,0.06970790789273451,0.002125528519280806,0.006965840000000001,3150.437256304909
78,334336,14,671,60.152871293392764,57.7380947829053,1.0,0.0,0.0,2.168405365126677,0.0381371087928465,319,57.302821578098474,58.896450792112894,1.0,0.0,0.0,2.153605015673981,0.03297805642633229,352,62.658409504640474,56.65469122135234,1.0,0.0,0.0,2.1818181818181817,0.0428125,1.7008305457909372,1.5709758846378947,0.004794686478512727,0.0037398170207011885,1.0421292503203552,0.9603106688152355,0.0008065764796283085,0.003640900611587604,-0.003875826588513709,0.0016417869614087977,0.31485673114657403,0.004172270966341785,-0.002740435845168682,0.0016250816959654912,0.10775131869595497,0.0023894370770449315,0.006796640000000001,3146.371941603307
79,338582,14,692,58.363569726835465,59.71271621953931,1.0,0.0,0.0,2.0679190751445087,0.03748554913294798,361,58.8447672091583,60.89948541537646,1.0,0.0,0.0,1.8448753462603877,0.0356786703601108,331,57.90986924350252,58.221647229897734,1.0,0.0,0.0,2.311178247734139,0.03945619335347432,1.6630286852455327,1.4685518839869094,0.007259528344089028,0.011315606651657813,1.1211015034322809,1.0787037490749811,0.004841899514314868,0.0029751039622324263,-0.002752600835052138,0.0017062165949027984,0.301221296004951,0.0026495610211725307,-0.004332613427492926,0.001961730857146904,0.11401441427879036,0.002738039450952101,0.00662656,3140.15560383861
80,342842,14,626,59.6833552021585,56.75790059853507,1.0,0.0,0.0,2.402555910543131,0.037300319488817894,315,62.39002637687518,57.83989359929928,1.0,0.0,0.0,2.215873015873016,0.03507936507936508,311,57.05821026764413,55.60874941151652,1.0,0.0,0.0,2.5916398713826365,0.039549839228295816,1.6630613133858994,1.4659585748284127,0.006085409487546897,0.0038003299167063942,1.0992814134271727,1.0696220947262904,0.011975291379916625,0.007642000084314214,-0.0032784189967602793,0.0019475693232379853,0.2873662387020886,0.003145303804831201,-0.0052131882597736354,0.0018421658911393023,0.09732115686347242,0.0032893980322370453,0.006456720000000001,3136.108723632502
81,347104,16,668,59.47847492916278,59.41892274671372,1.0,0.0,0.0,2.190119760479042,0.03824850299401198,323,58.10011033299761,55.92549528986867,1.0,0.0,0.0,2.065015479876161,0.03687306501547988,345,60.785952203239454,62.6452057509765,1.0,0.0,0.0,2.307246376811594,0.03953623188405797,1.6722824497389714,1.4184100836094828,0.011828267253861293,0.008774645737150404,1.0483287208456509,0.9939435356587483,0.0030795460885109896,0.004203884577197041,-0.0038716698066921114,0.0015978204493876547,0.2520093496888876,0.003006032373650669,-0.0033933771250274193,0.0017987165396334604,0.08555326205678285,0.0019109964952207293,0.0062863200000000015,3107.717164634868
82,351380,16,636,58.48821462168664,59.44239378312588,1.0,0.0,0.0,2.361635220125786,0.03556603773584906,339,59.6401039732117,58.91155687816559,1.0,0.0,0.0,2.2271386430678466,0.03351032448377581,297,57.06052077754289,60.000628721890564,1.0,0.0,0.0,2.515151515151515,0.03791245791245791,1.6423983365002945,1.3972820384748628,0.004340297837346745,0.0073748421827919,1.0008942461236823,1.0459192624711813,0.0030497564616532168,0.0037531622977118764,-0.003129932099470001,0.0013781264948192983,0.23694819072261453,0.0029395531609225146,-0.0032951729744715606,0.0017150841842521914,0.06895754221477546,0.0029209463922143185,0.006115839999999999,3102.902420833519
83,355596,16,679,59.03975163681715,59.2839623508724,1.0,0.0,0.0,2.1045655375552283,0.036907216494845366,351,57.46503244554697,60.24573086628422,1.0,0.0,0.0,1.9202279202279202,0.032962962962962965,328,60.78283703092754,58.28804820769448,1.0,0.0,0.0,2.301829268292683,0.04112804878048781,1.5979569936979134,1.3248712998668586,0.005465536838375419,0.021711119355667708,0.9886868353313871,0.9594722679056537,0.0011595598794059102,0.0032764381037438273,-0.003107659666405759,0.0017585131019586698,0.19760867226868867,0.00401977695047151,-0.0031208747891813713,0.001699532645579893,0.01885848152487597,0.002843744846541085,0.005944799999999998,3097.8883407701314
84,359840,16,686,58.42743746823301,63.31402472780849,1.0,0.0,0.0,2.0932944606413995,0.03645772594752186,331,57.509138536244,62.64230428771966,1.0,0.0,0.0,1.957703927492447,0.03350453172205438,355,59.278543795442346,63.94354283658283,1.0,0.0,0.0,2.219718309859155,0.0392112676056338,1.4388933347661017,1.2229258506510527,0.009081625179137083,0.00674898983874841,0.814109629611683,0.8366533242807961,0.00297056835736284,0.007936079931044806,-0.004709646773976445,0.0019650663394713773,0.17212659171782435,0.0035199660627768027,-0.0033399051642593104,0.0017377493626554497,-0.01416616071946919,0.002298235612943245,0.005776159999999999,3093.037681059602
85,364074,16,699,57.59859192054281,58.33845051085353,1.0,0.0,0.0,2.028612303290415,0.03527896995708155,341,57.91139599880272,58.282000244697905,1.0,0.0,0.0,1.8797653958944283,0.033958944281524926,358,57.289282859917094,58.39017030777821,1.0,0.0,0.0,2.170391061452514,0.03653631284916201,1.3978280167864467,1.1865136609166782,0.009166512143653797,0.006864733592804381,0.808075712101308,0.8190817219554263,0.0009109902430496186,0.014250035442572122,-0.0025193980448339204,0.0014842005854006856,0.18338450577575713,0.001919613307381951,-0.002164186468012809,0.0015818364190636203,-0.012108659026853274,0.0012889568142668395,0.005606400000000001,3086.5338865712442
86,368302,16,688,56.73975867211881,58.09534452480443,1.0,0.0,0.0,2.072674418604651,0.03773255813953488,344,55.68623142635973,56.771092656778094,1.0,0.0,0.0,1.930232558139535,0.034593023255813954,344,57.838808700102064,59.36866362867589,1.0,0.0,0.0,2.2151162790697674,0.04087209302325581,1.5355455773868725,1.2589978041451657,0.010367091212251123,0.005943899988942692,0.9068475200855667,0.8327375974471326,0.0012801812361512182,0.007928159406029124,-0.00470914692709985,0.001703167134837713,0.18123451669234783,0.0036302768855989596,-0.002801699332566354,0.0014890269390889443,-0.03209100205858704,0.0021225342225406505,0.005437040000000001,3079.6393363547363
87,372576,16,678,60.47958877774638,60.18757339868764,1.0,0.0,0.0,2.1519174041297937,0.03625368731563422,350,58.98770777946399,58.91599287925073,1.0,0.0,0.0,2.037142857142857,0.03105714285714286,328,62.13301103061984,61.49633463506717,1.0,0.0,0.0,2.274390243902439,0.04179878048780488,1.538489790296437,1.2615481532053803,0.0107564584764137,0.004391469652320572,0.8122442404702471,0.7669732889319966,0.011505198842287711,0.00276395596184737,-0.0045695295254206125,0.001531121548032388,0.18288813382387162,0.004749013123637269,-0.0020007946900223563,0.0016652834237902425,-0.05425956943799974,0.0011305566926164382,0.005267919999999999,3070.3910353416713
88,376792,16,698,58.91736284745116,60.30399436230009,1.0,0.0,0.0,2.020057306590258,0.036532951289398284,352,55.98454300059904,58.380830359538805,1.0,0.0,0.0,1.9829545454545454,0.03480113636363636,346,61.79990578264295,62.32837752310144,1.0,0.0,0.0,2.0578034682080926,0.03829479768786127,1.464874201805915,1.1719235909102448,0.007004996530175504,0.007886500711751596,0.7966155092662688,0.7267264657061084,0.0015447978954674058,0.010433159101463295,-0.003428331374539395,0.0016224240214796736,0.16498319767415523,0.003350625025450427,-0.0031640918721929645,0.0016835091591929086,-0.0519263663944912,0.001628158749645081,0.005096959999999999,3066.4410618818783
89,381048,16,700,57.15318487674811,60.04330101401672,1.0,0.0,0.0,2.04,0.036071428571428574,355,55.17660136373121,59.307052059719965,1.0,0.0,0.0,1.904225352112676,0.030338028169014084,345,59.23758203592956,60.783640240281784,1.0,0.0,0.0,2.1797101449275362,0.041971014492753624,1.5658946841583221,1.238753939933454,0.01166964661323465,0.00793340545570914,0.7466133940747111,0.7448953812391834,0.00233668333955414,0.013243567057790966,-0.0031679504851762188,0.0015105489233974367,0.16678464161232115,0.0031293215861182945,-0.0020418884095876554,0.0015620053440215998,-0.030040332494172615,0.001687349993699172,0.00492832,3062.546812831884
90,385268,16,670,58.419451270990436,62.331101108016384,1.0,0.0,0.0,2.1492537313432836,0.03585074626865672,346,58.33885850052524,59.45810789757136,1.0,0.0,0.0,2.1300578034682083,0.0315606936416185,324,58.510118137763776,65.25420466515523,1.0,0.0,0.0,2.169753086419753,0.0404320987654321,1.4994737810085275,1.2035943286074597,0.002942151263236824,0.005806433164449647,0.8951667662256082,0.8146896094894858,0.0006065447096125895,0.0027256595476840375,-0.002342437355130356,0.001663525160984136,0.18509186184965074,0.0027739821061032897,-0.0024586590290796018,0.001540319285413716,-0.03293499348365003,0.0013807727420271476,0.00475808,3055.9441783189636
91,389508,18,699,59.6482429112616,58.55491514017712,1.0,0.0,0.0,2.032904148783977,0.035693848354792564,355,59.61861271975991,59.364420528095856,1.0,0.0,0.0,1.8901408450704225,0.032704225352112676,344,59.68072902483576,57.76814866764938,1.0,0.0,0.0,2.1802325581395348,0.03877906976744186,1.5806363616171775,1.2183570120461193,0.004277897460216265,0.009611548707063291,0.749531032828868,0.7866493672138671,0.0012411453138302265,0.011293204062584898,-0.004833689355362336,0.0017638989913393744,0.1845149526372552,0.004077453627132854,-0.001828590672525876,0.001479061799182091,-0.058790347777539866,0.001433754008500898,0.004589279999999999,3025.531851908326
92,393750,18,690,60.78301573774638,59.99997839002482,1.0,0.0,0.0,2.0739130434782607,0.03572463768115942,342,59.46219913933304,59.92288932346392,1.0,0.0,0.0,2.0321637426900585,0.03374269005847953,348,62.220374977196215,60.06797267907013,1.0,0.0,0.0,2.1149425287356323,0.037672413793103446,1.5279206785342012,1.2459794089254288,0.0013377554004479725,0.0047466321664156284,0.7499631785653934,0.7447645631337793,0.006208129092302642,0.0020681825067693075,-0.0030309656311068357,0.0015999327632016502,0.19072955292649568,0.0026794736231408934,-0.002478294601717658,0.0015656876363209448,-0.05940486493345816,0.001451242365973826,0.004419679999999999,3017.3706447927425
93,397990,18,724,62.16751561010907,58.96614479776029,1.0,0.0,0.0,1.9281767955801106,0.0357182320441989,358,63.73887381051172,58.7695069715039,1.0,0.0,0.0,1.7402234636871508,0.033854748603351956,366,60.46825616083647,59.14048348908039,1.0,0.0,0.0,2.112021857923497,0.037540983606557374,1.5870739269453553,1.2431924567559898,0.00742053396348811,0.013444599389131973,0.7781185983263041,0.7465766164383719,0.0013758764447434442,0.01265486229004976,-0.004093868536867429,0.0015054670002427883,0.1786413888912648,0.00424817152857031,-0.0042500340150581906,0.0014544753452355509,-0.07384074479050469,0.0025450206950552003,0.00425,3010.1729187985084
94,402214,18,681,61.209795845885715,60.26199815133116,1.0,0.0,0.0,2.101321585903084,0.03472834067547724,360,61.64721984737742,61.68915873487194,1.0,0.0,0.0,1.9083333333333334,0.028,321,60.728354334809936,58.6322160034605,1.0,0.0,0.0,2.317757009345794,0.04227414330218069,1.598539829909845,1.3028596373267987,0.001670991876637624,0.006286918844740522,0.7591354841062002,0.7154546386112748,0.0033400478865424567,0.007884074467124474,-0.004630309337291427,0.001752245750685688,0.18921281015500427,0.0033783854097237053,-0.0020338565448582814,0.0013357621915929484,-0.09451751533197239,0.001615539251224618,0.004080400000000001,3005.676108594373
95,406460,18,706,60.66630703873454,59.74820238601909,1.0,0.0,0.0,2.007082152974504,0.03291784702549575,359,58.56140149977364,59.26059429993534,1.0,0.0,0.0,1.8635097493036212,0.03036211699164345,347,62.943544025329665,60.23026947112462,1.0,0.0,0.0,2.155619596541787,0.035561959654178674,1.5794203112224294,1.2740771407449307,0.00575093043148833,0.013740288762912445,0.6689096639146691,0.687594100430955,0.0020069557518864736,0.01726839115901597,-0.002920168907234233,0.0014616005137213506,0.1692542126402259,0.0030690362568861927,-0.0015200196103251074,0.001405548310140148,-0.12100674505345524,0.0013379000169152278,0.003911439999999999,3000.7292816919485
96,410712,18,667,58.47638518135031,58.6422724829064,1.0,0.0,0.0,2.187406296851574,0.03290854572713643,344,57.18621511849518,57.98185327838842,1.0,0.0,0.0,2.11046511627907,0.031860465116279074,323,59.59735261301133,59.5149692888766,1.0,0.0,0.0,2.2693498452012384,0.034024767801857585,1.5388046309414083,1.19561571194078,0.006750812454830666,0.018798507890901425,0.665356669569411,0.5999030247103552,0.002088613221127042,0.008541981927801246,-0.003138113118820307,0.0014385501737706364,0.13515859841136263,0.003205524336954113,-0.002607701799655393,0.0015718181806732901,-0.12209557779715396,0.002519879231812183,0.003741600000000001,2995.765160074711
97,414982,18,712,60.519483288756504,59.534337592024144,1.0,0.0,0.0,1.9985955056179776,0.034648876404494384,348,58.47445334375315,57.600856051814404,1.0,0.0,0.0,1.971264367816092,0.03278735632183908,364,62.32132048354324,61.53262856933592,1.0,0.0,0.0,2.0247252747252746,0.036428571428571435,1.4868274832450237,1.0914831235234652,0.011049587693101576,0.006514612464087142,0.6543792325935452,0.6267061849375216,0.0012822589800378496,0.0014725188045887742,-0.0038073643430079074,0.0016984305475489236,0.07396693124519516,0.0033511891862417543,-0.0029349668572713483,0.0018856527254683896,-0.13028924772515893,0.0013685540572055289,0.003571519999999998,2988.7907998963146
98,419236,18,709,59.69614779693744,59.66162319272314,1.0,0.0,0.0,2.0,0.03283497884344147,362,58.205496648251156,62.598119604216784,1.0,0.0,0.0,1.8038674033149171,0.030220994475138124,347,61.19536590624836,56.48749123347857,1.0,0.0,0.0,2.2046109510086453,0.035561959654178674,1.4312680742889554,1.0183709409295223,0.00793719122335992,0.0017476375133208947,0.6393576827423837,0.5952621753168073,0.0034165443918209395,0.0075756591461224754,-0.0018626277198332541,0.0014308176017948427,0.04655592211347539,0.002026306502375519,-0.002851105002082477,0.001597788158687763,-0.1559460016898811,0.001509453622824708,0.0034007199999999994,2982.43714068008
99,423474,18,717,59.75962772543326,60.1869726063667,1.0,0.0,0.0,1.9553695955369597,0.034281729428172945,380,59.39990322712821,59.04457632856855,1.0,0.0,0.0,1.7947368421052632,0.032842105263157895,337,60.145922783272226,61.54223775580425,1.0,0.0,0.0,2.136498516320475,0.03590504451038576,1.3794081436040995,0.9736955299755765,0.007908026905636405,0.002660191758798975,0.6230740409499693,0.5763803855392617,0.000546836745295503,0.013519072745391407,-0.0033121812922362937,0.0014426774258026853,0.06379823545412364,0.00236241528410801,-0.0032834818111629137,0.0015419984381878748,-0.1734084495808929,0.0025425757377206537,0.0032305600000000004,2977.638654691478
100,427714,18,716,60.61379845273418,59.87878580421028,1.0,0.0,0.0,1.9608938547486034,0.03627094972067039,353,60.96652914699971,60.89187946751027,1.0,0.0,0.0,1.86685552407932,0.03130311614730878,363,60.30382299413721,58.77973267856968,1.0,0.0,0.0,2.0523415977961434,0.04110192837465565,1.4602035554517538,1.0225044980855054,0.008787891934515447,0.0038620093667715606,0.5000786296898838,0.4980983716614169,0.005531370138481983,0.004111445981895382,-0.0051297007189808844,0.001693252389668487,0.05633775828609942,0.003528281915396292,-0.0010946504072504193,0.0015061268364661372,-0.19202143587172033,0.0005827019987293625,0.003061040000000001,2974.117632004781
101,431954,20,683,58.667674294654624,58.35016213229615,1.0,0.0,0.0,2.103953147877013,0.03540263543191801,320,56.519233737055856,56.080530199246795,1.0,0.0,0.0,1.971875,0.03321875,363,60.442964650144134,60.48860146805942,1.0,0.0,0.0,2.2203856749311295,0.03732782369146006,1.5249529522711915,1.0626748989288772,0.0036383861986958466,0.0021626301021518226,0.501243792390266,0.504138776101808,0.0009873295228577446,0.006373219430049635,-0.0021455852739552528,0.0016189792368095368,0.06319839095376664,0.0017445591896148472,-0.0012546802773884896,0.001654299184156116,-0.1922497246414423,0.0010435695252454026,0.002891440000000002,2953.8848860834287
102,436198,20,686,58.73256831777064,63.452317904211355,1.0,0.0,0.0,2.0932944606413995,0.034897959183673465,309,57.92929920989255,64.59996738922754,1.0,0.0,0.0,2.0485436893203883,0.031035598705501617,377,59.36920181284423,62.48076278462093,1.0,0.0,0.0,2.129973474801061,0.038063660477453576,1.4946230513669305,1.0476356927363661,0.006230915831687608,0.004796028815930271,0.5200670311631233,0.47833040273745664,0.00047196751460713544,0.0018701441766240058,-0.005319733848757569,0.0014804015547269956,0.028387797720552044,0.00437073874962266,-0.0035224416252000513,0.0016648827426251956,-0.22879914110526442,0.0024297276605011577,0.0027218399999999997,2948.2639262324938
103,440444,20,703,59.793490232397005,59.00861010452154,1.0,0.0,0.0,2.019914651493599,0.035476529160739685,342,60.68614658741066,58.63603852311052,1.0,0.0,0.0,1.9473684210526316,0.03207602339181286,361,58.8959824841496,59.3390832021573,1.0,0.0,0.0,2.0886426592797784,0.038698060941828254,1.403747293139114,0.8958636731173023,0.006852203071542278,0.008582183786095843,0.42983336630773056,0.40911499949362135,0.007300062175498705,0.004186233648831988,-0.002937621742581964,0.001393324621312786,-0.003312193801684771,0.00286109550289666,-0.0008502614300728961,0.001589320295897778,-0.22732571456581355,0.0006309454066126818,0.0025520800000000017,2944.7907675420843
104,444694,20,681,60.645597529459536,61.75365157058704,1.0,0.0,0.0,2.120411160058737,0.03229074889867842,354,60.900925201486444,61.68072221253387,1.0,0.0,0.0,2.016949152542373,0.02937853107344633,327,60.37075436657711,61.83301587199785,1.0,0.0,0.0,2.232415902140673,0.0354434250764526,1.3700419097877286,0.9198988520101395,0.0042281457271052415,0.0017571484453889773,0.3846083637764002,0.406647052560958,0.0027401541592911383,0.008606645502076888,-0.006123735425864087,0.0016234312119195239,0.019126205276029394,0.004276191505127258,-0.0008420402894969779,0.001419024264032487,-0.22734951823949814,0.0007077912328213642,0.0023822400000000007,2941.0102569221085
105,448942,20,691,61.70841180844848,60.663043922876525,1.0,0.0,0.0,2.073806078147612,0.03295224312590449,336,61.3503151779213,62.281989835614155,1.0,0.0,0.0,1.9107142857142858,0.03083333333333333,355,62.081253594350315,59.271625543820946,1.0,0.0,0.0,2.228169014084507,0.03495774647887324,1.4101504286208764,0.933370490572703,0.005416732660570866,0.004802019354945629,0.46934076082826154,0.431772404998498,0.0008779320870987302,0.0011219953886129628,-0.001815978066352053,0.0013955122703919187,0.00047792515542823823,0.0019305831302972366,-0.0035334020505228604,0.0015275528174242936,-0.20414156867191197,0.0018919912266028404,0.0022122400000000007,2938.193084796986
106,453184,20,676,61.49240238954458,60.69831241563952,1.0,0.0,0.0,2.1375739644970415,0.031124260355029583,327,59.59472187915427,59.92686279854652,1.0,0.0,0.0,2.1162079510703364,0.02666666666666667,349,63.2721479529615,61.42042513861612,1.0,0.0,0.0,2.157593123209169,0.035300859598853866,1.2966504121136282,0.8968054258611204,0.0050480505064095195,0.0068992187307488646,0.5288918053991857,0.4697827627229067,0.004740805409088155,0.0016894525289874193,-0.0034400861383185656,0.00149525035667466,-0.015558316149690655,0.0024484448179009632,-0.003870420933823149,0.0014749368026969023,-0.23250774843618274,0.0028660772049647677,0.0020423200000000002,2936.1360825479705
107,457420,20,734,60.08466580676511,62.41058932024563,1.0,0.0,0.0,1.8855585831062671,0.03335149863760219,371,61.54835877119917,62.16857412167605,1.0,0.0,0.0,1.8247978436657681,0.03148247978436658,363,58.4326614667898,62.634957577252834,1.0,0.0,0.0,1.9476584022038568,0.03526170798898071,1.352608154392747,0.8506039774436489,0.008983001043417179,0.001835778640048618,0.47428040563513496,0.4293697471721604,0.005378623131215068,0.007320686702019769,-0.002994243572237487,0.0014599813788663597,-0.04674506134724652,0.002544784431903935,-0.0012112760881514528,0.001640430231054779,-0.21724548107013106,0.0013432663293770019,0.0018726400000000018,2934.0447680800057
108,461684,20,710,56.320436296613615,57.847461173644625,1.0,0.0,0.0,2.0028169014084507,0.03354929577464789,372,57.04709765375361,58.694443768345366,1.0,0.0,0.0,1.9946236559139785,0.0317741935483871,338,55.49468475440906,56.94063741736177,1.0,0.0,0.0,2.0118343195266273,0.03550295857988166,1.3314436890056203,0.8263885771888986,0.006409768383313566,0.011502770675910382,0.44835331654827204,0.45705031231169435,0.0019065099884366373,0.0006318821798329759,-0.004930689662396026,0.001422025600913912,-0.0361600985750556,0.004950000776079833,-0.0017931415220977132,0.0012842280477343593,-0.23798348736017944,0.0023108481356885592,0.001703200000000002,2931.3786091800557
109,465934,20,691,62.32999983110797,57.65661384544771,1.0,0.0,0.0,2.0752532561505066,0.032720694645441396,360,61.990559003044424,58.47170649342429,1.0,0.0,0.0,1.9805555555555556,0.02883333333333333,331,62.650891980042346,56.62673326996377,1.0,0.0,0.0,2.178247734138973,0.036948640483383685,1.3563432897200782,0.7913200700215397,0.0155447075583637,0.0074947582276805435,0.4678847298052957,0.4109307433476238,0.0023657879941980644,0.01123773072713935,-0.0026672383161100433,0.0015573986223898829,-0.08016452562442282,0.0019894348538798566,-0.0036672532670329883,0.0013680057614692486,-0.25085321329534055,0.0021181571989004055,0.0015326400000000018,2927.2889406614554
110,470170,20,743,60.433588867205735,62.32250339182028,1.0,0.0,0.0,1.8506056527590848,0.031426648721399726,394,59.985430786044276,63.74335428759094,1.0,0.0,0.0,1.7461928934010151,0.028299492385786797,349,60.924790379891164,60.67035118743577,1.0,0.0,0.0,1.9684813753581663,0.03495702005730659,1.2262954168112512,0.7385349821534642,0.0029530901706122316,0.00291269983267778,0.3663648320175915,0.39920692115423795,0.001419222217832927,0.003725208855149341,-0.004559751989114925,0.0012976329380762763,-0.10995427950838348,0.0032909516120298576,-0.0026756878705745833,0.00150128129607765,-0.23309947829693556,0.0012401059741740995,0.0013626399999999983,2924.242376451371
111,474420,22,718,58.484519393469064,58.683300183008996,1.0,0.0,0.0,1.9596100278551531,0.03271587743732591,373,58.55822625154106,59.670021474459936,1.0,0.0,0.0,1.9249329758713136,0.031152815013404823,345,58.40569992096434,57.60479086444636,1.0,0.0,0.0,1.9971014492753623,0.03440579710144928,1.1408051671550679,0.6913615777550797,0.002304681298630705,0.003023827770085122,0.5143612052716864,0.4406397239399287,0.004076993755797838,0.004150446152596216,-0.0017568694296281496,0.0011687869366141968,-0.12432977475691587,0.0015361415029019553,-0.0035277069854187048,0.0012962485823663882,-0.21713114641606807,0.0014581747623878983,0.001193200000000002,2903.1467681684317
112,478650,22,688,60.380448343632004,57.900284128133656,1.0,0.0,0.0,2.074127906976744,0.03334302325581395,351,60.663988214918504,57.22933885649141,1.0,0.0,0.0,2.0826210826210825,0.030227920227920226,337,60.11085305617928,58.671435511774455,1.0,0.0,0.0,2.065281899109792,0.03658753709198813,1.151658279876294,0.6518672814571657,0.0026089630751275693,0.006947022859178947,0.43290726650688455,0.45316782878325895,0.003538792675912682,0.008988262359878672,-0.0021408970561052954,0.0013605908054159955,-0.12562203503912314,0.0015616635785363543,-0.0035618811372680305,0.0014181809761794283,-0.22619949355721475,0.0022507854277648677,0.0010231999999999984,2900.22388876289
113,482888,22,724,57.71709411392451,59.880678795528006,1.0,0.0,0.0,1.9267955801104972,0.03168508287292818,376,58.360209312160706,60.92498450294235,1.0,0.0,0.0,1.7393617021276595,0.027978723404255317,348,57.02537137163558,58.7473697607772,1.0,0.0,0.0,2.1293103448275863,0.03568965517241379,1.1296165702588716,0.6634728536451557,0.004659240555090615,0.004276151704198576,0.48739420729317157,0.4708719102045767,0.0005053757276378234,0.016844108788436195,-0.0029345409220197572,0.0012633076345082372,-0.11418344110716135,0.0015183473412378134,-0.002520838910457579,0.0012279958216822706,-0.2126144567504525,0.0011516081706766101,0.0008540000000000006,2896.357292058531
114,487110,22,720,61.68768938336933,60.62572838351988,1.0,0.0,0.0,1.9319444444444445,0.03425,349,61.29200866902835,61.06296672031093,1.0,0.0,0.0,1.8051575931232091,0.029598853868194837,371,62.14443193634318,60.28681637127033,1.0,0.0,0.0,2.0512129380053907,0.03862533692722372,1.1799791874903531,0.709462875969024,0.0052108440593326465,0.006253740750886595,0.49673463648612837,0.48051372719200297,0.002452914301945535,0.001951637076300362,-0.0021112808905612234,0.0014012558647664263,-0.1192183006554842,0.0022465706176262755,-0.0016703069205912136,0.0015841622967855073,-0.21507323989644647,0.001277120597251269,0.0006844800000000012,2891.9292471926215
115,491342,22,680,60.74291806489881,60.25982780368928,1.0,0.0,0.0,2.111764705882353,0.030279411764705888,337,62.05556027350812,60.811414706280885,1.0,0.0,0.0,1.9198813056379822,0.029703264094955488,343,59.307215649232376,59.77153775877211,1.0,0.0,0.0,2.3002915451895043,0.03084548104956268,1.1615292217424686,0.6837164471063665,0.003082975240937512,0.009417902863138913,0.5494504025387594,0.48553771766010084,0.002217008528128896,0.00771330428166246,-0.0038129702059317206,0.0012851783583755604,-0.13577598151750864,0.003282981740665036,-0.0028214875417112185,0.0013329719688044861,-0.22223397754132748,0.0015234029770738288,0.0005156000000000015,2889.3203656873293
116,495576,22,718,63.116946350533865,59.75149489746013,1.0,0.0,0.0,1.948467966573816,0.03402506963788301,330,63.79345388296933,58.78722553320257,1.0,0.0,0.0,1.784848484848485,0.03106060606060606,388,62.49499587716576,60.51049900100939,1.0,0.0,0.0,2.0876288659793816,0.036546391752577324,1.102667923006966,0.6408949064080929,0.009334094509565445,0.004988604406574347,0.5268204329915642,0.4934504398401352,0.0011344913310082495,0.0008479237342499829,-0.001739292470044676,0.0014602420458686538,-0.15010350875090808,0.0016844190285155492,-0.003549099458724736,0.001631679134152364,-0.2268434563651681,0.0043567889655520275,0.00034632000000000066,2885.5435615021233
117,499810,22,719,59.70429037693017,60.05740471881999,1.0,0.0,0.0,1.944367176634214,0.03204450625869263,365,60.74716140505304,59.626016192573516,1.0,0.0,0.0,1.832876712328767,0.02887671232876712,354,58.632450709137196,60.50366871148872,1.0,0.0,0.0,2.059322033898305,0.03531073446327684,1.0936295911885454,0.6168951836092066,0.005638884020976099,0.00459588243149766,0.41331758738749586,0.44824755008524714,0.0033066520150604414,0.005812093885827171,-0.002529635860818458,0.0012813254943466745,-0.14360249135643244,0.0017885400119666884,-0.001891004745064917,0.0013066470732155723,-0.23632393572479488,0.0008793372436684876,0.0001769600000000003,2883.4149946913094
118,504040,22,709,61.78793823352235,59.413291630270315,1.0,0.0,0.0,1.9830747531734838,0.030944992947813818,369,61.639368631202814,60.948609575351064,1.0,0.0,0.0,1.910569105691057,0.02731707317073171,340,61.94723786267607,57.72444189068149,1.0,0.0,0.0,2.0617647058823527,0.034882352941176475,1.1219116255532988,0.6350082779426041,0.010432578445719735,0.006979820432701461,0.5265082770095534,0.47130444875028615,0.007345466053357256,0.010410400157689091,-0.002771516227016946,0.0013583278545411305,-0.16230989089235665,0.0018993015891823005,-0.0019632017831009707,0.0012394580116961151,-0.24607282541692257,0.0013209308375877527,7.599999999999968e-06,2881.3190203076692
119,508290,22,707,60.13747242486557,59.88215773462514,1.0,0.0,0.0,2.005657708628006,0.031301272984441304,357,60.90950783531996,60.0104589109604,1.0,0.0,0.0,1.8711484593837535,0.02742296918767507,350,59.373783343172846,59.746858312307936,1.0,0.0,0.0,2.142857142857143,0.035257142857142855,1.0617917478278363,0.594465348020899,0.004956407276104741,0.005866685311438311,0.42430890394649945,0.4110274107700745,0.0002598003104918084,0.008956828127242385,-0.00566900541884161,0.0012860144364822191,-0.1817144644446671,0.0037412366622390893,-0.0032715921107946853,0.0013753339459071866,-0.27019589897245166,0.001979522962210467,0.0,2878.60513275722
120,512514,22,732,59.748284347855126,59.38452873335122,1.0,0.0,0.0,1.8852459016393444,0.0301775956284153,372,59.85605572873599,56.816977518374145,1.0,0.0,0.0,1.793010752688172,0.02763440860215054,360,59.630220194642945,61.881542827037705,1.0,0.0,0.0,1.9805555555555556,0.03280555555555556,0.9689610340550359,0.5273538290512149,0.009094361779605759,0.009926883453425222,0.42972902078718267,0.37040314807437746,0.0037816849387259264,0.009304406531010886,-0.0033022739171695735,0.0012921481451485307,-0.2050742171704769,0.0025952323289402555,-0.0027547157572473057,0.0013825552829075604,-0.25829530954360963,0.002219011970282736,0.0,2874.1666143115162
121,516764,24,736,60.49719510279942,60.05301821999707,1.0,0.0,0.0,1.8872282608695652,0.03048913043478261,386,60.32798491905619,61.07600032953702,1.0,0.0,0.0,1.7227979274611398,0.027953367875647672,350,60.677877163406606,58.88811951722614,1.0,0.0,0.0,2.0685714285714285,0.033285714285714293,1.0147831287851174,0.5332828792313808,0.002808155556990578,0.0021971800399489,0.4175067737463176,0.4067000521845976,0.002994924231889696,0.005171674315582957,-0.003861668499786047,0.001288632396608591,-0.18522343691438437,0.003121561393504635,-0.002062690151980262,0.0011395348439691589,-0.243867851421237,0.0015424687391259796,0.0,2857.7231440025876
122,521018,24,760,60.279197874774,60.349864187910136,1.0,0.0,0.0,1.7986842105263159,0.03164473684210527,373,59.874136190082446,59.27332944619469,1.0,0.0,0.0,1.6621983914209115,0.029222520107238605,387,60.67802784123953,61.36472246004815,1.0,0.0,0.0,1.930232558139535,0.033979328165374675,1.0493118505971875,0.5293541157193236,0.010622967111108293,0.0023607972314185163,0.43369391022144094,0.41718885614856255,0.0046074955301764154,0.005917425943221109,-0.0020391726890286012,0.001210521798202535,-0.2084096816368401,0.0015635072619716085,-0.0019278784530292303,0.001396128688065801,-0.24805213715881108,0.001269993670302938,0.0,2854.5373611267128
123,525266,24,741,59.623673408391674,60.342706336400354,1.0,0.0,0.0,1.8663967611336032,0.03195681511470985,357,60.92017377310596,59.83502209685287,1.0,0.0,0.0,1.6778711484593838,0.029439775910364147,384,58.4252865847909,60.817225273866846,1.0,0.0,0.0,2.0416666666666665,0.034296875,1.0090621285880932,0.5389330412457498,0.008731419102516067,0.012453013068124737,0.4574235846793981,0.4391682712302305,0.011610262984475882,0.003988954188977649,-0.0020180470668269114,0.0012251258813194,-0.18854991304688157,0.0023237585146489437,-0.0019081164822504991,0.0012244414108863566,-0.23326564021408558,0.0020127596340444144,0.0,2851.324698414334
124,529510,24,733,58.20410319223386,59.04795971435589,1.0,0.0,0.0,1.8949522510231924,0.033124147339699865,356,58.767887113960064,59.4354905749516,1.0,0.0,0.0,1.7724719101123596,0.030870786516853932,377,57.671960204890254,58.68183939854444,1.0,0.0,0.0,2.010610079575597,0.03525198938992042,1.0541496714632388,0.5327437615565356,0.007295902163578906,0.004900962826908132,0.4657917359158047,0.44943051188491817,0.006699434885263127,0.0013587893118469428,-0.0024564653793355705,0.0014262787459301761,-0.20677071409299969,0.0026013736245687367,-0.002261135115514645,0.0015253996927640401,-0.26102558318525554,0.0017527915870303445,0.0,2848.322721128325
125,533758,24,728,62.0103096533223,58.9465318266458,1.0,0.0,0.0,1.9175824175824177,0.032280219780219783,369,61.20015293353419,57.78683572062167,1.0,0.0,0.0,1.7479674796747968,0.02997289972899729,359,62.897840891292425,60.06137780702258,1.0,0.0,0.0,2.0919220055710306,0.03465181058495822,1.054814454054632,0.5542995309441628,0.0059909711921315445,0.005324793623634891,0.3919228715902851,0.41403340137512445,0.005053939295483084,0.005911715682468184,-0.0015706374315179628,0.001491318094485905,-0.1893281690776348,0.0017353653537270474,-0.001162198095141931,0.0014210305584128947,-0.2523278137668967,0.00037924318201518756,0.0,2846.5078381692974
126,537998,24,720,62.7219586838445,58.12999972435914,1.0,0.0,0.0,1.9444444444444444,0.03256944444444444,364,63.616657567459875,56.5715381336983,1.0,0.0,0.0,1.7252747252747254,0.02791208791208791,356,61.841768430774216,59.78871323020869,1.0,0.0,0.0,2.168539325842697,0.0373314606741573,0.994756004992472,0.5223710765008345,0.003947915333820463,0.008274492708620698,0.5066131799994942,0.4497817235704922,0.011161475467013852,0.0006844746143914992,-0.0032271745450076217,0.0013418965558230412,-0.21437719389796256,0.0021781169696623694,-0.003068521636654993,0.001341962044534739,-0.27290976904332637,0.002093961939607425,0.0,2842.9357617678393
127,542232,24,746,58.397800054462714,60.32049930605176,1.0,0.0,0.0,1.8378016085790885,0.03095174262734585,376,60.89853125773716,61.490121141360184,1.0,0.0,0.0,1.7207446808510638,0.028404255319148936,370,56.07753398956891,59.017965898549186,1.0,0.0,0.0,1.9567567567567568,0.033540540540540544,1.011093644853038,0.4962051505773763,0.0012562031076666146,0.0006777748172400044,0.5123800243865049,0.3686134171667022,0.001787571025951767,0.0071747695096224095,-0.0018734914992844798,0.0011722118564648555,-0.23141166772693395,0.0015316148660986073,-0.00037972800495094105,0.0013100645956001244,-0.29758098293095825,0.002296028799810301,0.0,2840.6009194286657
128,546458,24,711,60.7873665489102,57.9815379170814,1.0,0.0,0.0,1.9718706047819972,0.031561181434599156,346,58.405539734220596,59.4126701492694,1.0,0.0,0.0,1.7745664739884393,0.026705202312138736,365,63.32886890424941,56.7889277235914,1.0,0.0,0.0,2.158904109589041,0.03616438356164384,1.0417602819737393,0.49320273566326056,0.003987748816193366,0.017273204759378793,0.4316532953765339,0.3559761620281377,0.00424143610492708,0.005322441502002678,-0.001668477530213952,0.001197178103029728,-0.2310137812048197,0.002528759912274836,-0.0023847058593421955,0.0012094561752746813,-0.30070884600281717,0.0017326524446275471,0.0,2838.0809621819076
129,550700,24,742,60.62288242597057,60.76323848896893,1.0,0.0,0.0,1.8584905660377358,0.03210242587601078,352,60.072128708817644,61.5344401704719,1.0,0.0,0.0,1.78125,0.028977272727272727,390,61.092970194651606,60.02818688628639,1.0,0.0,0.0,1.9282051282051282,0.034923076923076925,0.9466191917191011,0.45901575502545183,0.0033477351129904396,0.0011967355104758662,0.3264898400708509,0.32836743582262695,0.0083044782489602,0.006615051663290383,-0.0015913100218515775,0.0013128915677953045,-0.23902724366635084,0.00163566725747728,-0.002224906792753245,0.0013244350033346564,-0.3004547394812107,0.0016454324257324515,0.0,2835.9379979755104
130,554938,24,722,61.61599933199432,60.690167526620264,1.0,0.0,0.0,1.9349030470914128,0.029861495844875345,383,60.77479551251031,60.37243154654158,1.0,0.0,0.0,1.7702349869451697,0.027780678851174936,339,62.68567826294313,61.00790350669897,1.0,0.0,0.0,2.1209439528023597,0.032212389380530976,0.9828992498821328,0.4717037992998468,0.0027038039590245033,0.00799962400326793,0.37990898096212633,0.3235146575271278,0.0050855131802397605,0.008490844117098093,-0.0014829803972573664,0.0012473995906475467,-0.23633116725832223,0.0020339953418897494,-0.0015209289160414586,0.0012842836731579155,-0.3166306085884571,0.001006107903896236,0.0,2834.051411400731
131,559174,26,735,58.0952505962433,60.4902191678926,1.0,0.0,0.0,1.8816326530612244,0.03002721088435374,377,58.089014311682206,59.038155656967355,1.0,0.0,0.0,1.8779840848806366,0.028885941644562336,358,58.10132276805278,62.149720323235755,1.0,0.0,0.0,1.8854748603351956,0.03122905027932961,0.9730118355085523,0.4794967816740319,0.001438008276967266,0.00974160288330905,0.2914937815567332,0.2881674935502594,0.004115457220412702,0.017225583289103525,-0.003341189839616646,0.0011944120407861192,-0.22581368209794164,0.0023914116074593037,-0.002319801128857324,0.0012364852613245604,-0.32574708871543406,0.0012365439836685254,0.0,2819.5160694897313
132,563412,26,732,61.05126341158743,61.66563610464325,1.0,0.0,0.0,1.894808743169399,0.028251366120218578,367,62.00623756291306,59.5567321042872,1.0,0.0,0.0,1.8310626702997275,0.0267574931880109,365,60.091209610520686,63.786454816865714,1.0,0.0,0.0,1.9589041095890412,0.029753424657534246,0.9768625231774607,0.4806182432609055,0.010131539202106197,0.015891303651183446,0.2899719443272995,0.2694605763984986,0.0029990451078205182,0.008789786343799557,-0.0031153134533394413,0.001335589047812391,-0.2293030289001763,0.002402006373858967,-0.0028627807895132305,0.0014202017991920002,-0.34743963479995726,0.0019628847436365506,0.0,2816.770190532679
133,567630,26,774,60.39317508169996,61.11233704103107,1.0,0.0,0.0,1.7248062015503876,0.030142118863049093,391,60.2324633956452,61.82404410792456,1.0,0.0,0.0,1.6317135549872124,0.02690537084398977,383,60.546761619111926,60.333413195597615,1.0,0.0,0.0,1.8198433420365536,0.03344647519582246,0.9905634659397674,0.459615342553746,0.0013024075984775492,0.004498406707306004,0.26612972920113626,0.25148700864182777,0.0027845498852600587,0.002908689188699518,-0.0046996188343649044,0.0012772697577020154,-0.24760198928415775,0.003234754117238481,-0.002640074952553828,0.0009016268544655759,-0.3332706581801176,0.002168016208179324,0.0,2812.9626971460316
134,571854,26,768,60.53316788271184,60.63691481548001,1.0,0.0,0.0,1.75,0.031588541666666664,387,61.54088686082215,61.262785413748624,1.0,0.0,0.0,1.648578811369509,0.02666666666666667,381,59.35560862739191,60.085038770701296,1.0,0.0,0.0,1.853018372703412,0.03658792650918635,1.0036695687412955,0.5032812732105997,0.006437008466009358,0.0023747091716516877,0.2701466074304157,0.28276919509378756,0.006396420529346488,0.007459483604166565,-0.0030051413112473003,0.001220061498315772,-0.23048727745190262,0.0021043080743055496,-0.001727603552964041,0.0012031487509375437,-0.31980559024959804,0.0012350541128711256,0.0,2810.611494886198
135,576098,26,742,59.505396982671904,61.09812016962115,1.0,0.0,0.0,1.8598382749326146,0.030242587601078168,373,60.7809940379105,61.134811235562196,1.0,0.0,0.0,1.7587131367292226,0.027667560321715818,369,58.29765083462686,61.05859112067912,1.0,0.0,0.0,1.962059620596206,0.03284552845528455,0.9660278521008304,0.4982843372199719,0.0013099559080339126,0.010849259118901956,0.3015426473942426,0.30349669985716354,0.007984280873110481,0.003470011981676071,-0.002233758561849841,0.0013461946669849566,-0.23550919350236654,0.001960468238121393,-0.001308892411610385,0.0012206387422338595,-0.3230633335188031,0.000994061667475421,0.0,2808.963459940257
136,580338,26,746,61.51722985435998,59.18950544113155,1.0,0.0,0.0,1.841823056300268,0.030603217158176946,388,61.129165959609686,60.07560977398998,1.0,0.0,0.0,1.7422680412371134,0.0288659793814433,358,61.9306022639853,58.21173514280499,1.0,0.0,0.0,1.9497206703910615,0.03248603351955307,0.9157063826383021,0.4753196188851849,0.0035466371344826855,0.006560492222732826,0.3483096288108013,0.3004510363232575,0.003943943449503294,0.014581719434781221,-0.003710536446914048,0.001208738314016955,-0.24859333112835885,0.002920674149453362,-0.0019114726700416112,0.0012630229568458163,-0.332599138468504,0.0013774732134152145,0.0,2808.2087286202905
137,584614,26,746,59.81208090095056,61.22295920911238,1.0,0.0,0.0,1.8659517426273458,0.029906166219839145,386,58.54387417852768,60.168125100811174,1.0,0.0,0.0,1.8860103626943006,0.02774611398963731,360,61.073432451900864,62.440539151265774,1.0,0.0,0.0,1.8444444444444446,0.03222222222222222,1.026186424805475,0.510044197621794,0.013593205603044172,0.001833033030927939,0.3066224733801671,0.3012518128385127,0.006150271399619188,0.0028777953990078336,-0.0026582308089394546,0.0013162996707251295,-0.2335301311686635,0.003309968714961542,-0.0016797040050215539,0.0014562790267518722,-0.3247726414352655,0.0008047472163866587,0.0,2805.9811407721645
138,588844,26,725,60.64772153403215,61.102598016286244,1.0,0.0,0.0,1.9172413793103449,0.0312551724137931,380,60.05543412561825,61.49148818071666,1.0,0.0,0.0,1.8289473684210527,0.027157894736842107,345,61.27309762448036,60.655140056007866,1.0,0.0,0.0,2.0144927536231885,0.035768115942028986,0.9308282798983915,0.5028764554059736,0.0038470341691340822,0.0009188224195994178,0.3524198047542339,0.30471299725515066,0.003545077914901049,0.013738638385566675,-0.0021275122832776104,0.0012493520982388873,-0.22220219196751714,0.001945126587361301,-0.0012196998073276788,0.0013553053606301547,-0.33031153976917266,0.000816018788373185,0.0,2803.5150950607617
139,593080,26,757,60.07784874788255,57.68502899790364,1.0,0.0,0.0,1.797886393659181,0.029603698811096434,371,61.060825054147,56.30097025663841,1.0,0.0,0.0,1.6819407008086253,0.026576819407008085,386,59.24351763915077,59.191435473203356,1.0,0.0,0.0,1.9093264248704662,0.03251295336787565,1.062834148788583,0.5164297195662316,0.0031726606272256402,0.009353668101606915,0.37819966130165533,0.3434880288106528,0.004962297315712236,0.008938610089584605,-0.003816532832853328,0.0011671648229821586,-0.23542437739670277,0.003080961472005583,-0.0017351358548467033,0.0009633248191676103,-0.29435484688729047,0.0013086397040524389,0.0,2801.3165193788946
140,597306,26,733,61.26257995665794,59.524114991531206,1.0,0.0,0.0,1.8826739427012278,0.030040927694406548,373,60.98149875445494,58.082226501248165,1.0,0.0,0.0,1.772117962466488,0.025683646112600537,360,61.51407366389219,61.2458994828692,1.0,0.0,0.0,1.9972222222222222,0.03455555555555556,0.9613969995965183,0.5098966909869358,0.00535171431042115,0.020204230566176918,0.3819900256846823,0.36454662855055164,0.003920136839757581,0.010265581537446373,-0.0016870322195498173,0.001291707838390721,-0.23846530439332128,0.0019495208831813216,-0.0018673460061620518,0.001158509401284391,-0.3198492584750056,0.0014256587670274713,0.0,2799.0930280493185
141,601508,28,763,60.65388793347987,58.85921199018586,1.0,0.0,0.0,1.7536041939711664,0.032280471821756224,376,59.173296036864585,58.67914177732922,1.0,0.0,0.0,1.678191489361702,0.027127659574468083,387,62.058939427206624,59.03833942705896,1.0,0.0,0.0,1.82687338501292,0.03728682170542636,1.0292865928582493,0.5185927653520499,0.012349666904080332,0.002689452107667451,0.31101329378728626,0.3339383265660903,0.005521303549034509,0.009687811930937462,-0.0029424566889922343,0.0013689000028534793,-0.22342846896499396,0.002112381291726706,-0.001323728083248782,0.001285540057142498,-0.30611257795244456,0.0012751092544476706,0.0,2787.120062839524
142,605742,28,747,63.026761821641415,59.210625198882006,1.0,0.0,0.0,1.8340026773761713,0.030816599732262386,367,61.40171918096267,58.625884098681844,1.0,0.0,0.0,1.7193460490463215,0.02978201634877384,380,64.40804806621836,59.850591847434394,1.0,0.0,0.0,1.944736842105263,0.03181578947368421,0.9814586200598776,0.5379943138715626,0.005720069899776122,0.01097728043395058,0.33246218001212013,0.33833523181623487,0.002715933956113822,0.0028079085563817094,-0.0017463414477139698,0.0014317666747956537,-0.22005778402090073,0.0020073807518201647,-0.0019420317100754148,0.0011717725516064092,-0.30610469318926337,0.001206301657930453,0.0,2785.2288839305397
143,609982,28,748,59.42721968884597,59.922118827166045,1.0,0.0,0.0,1.8342245989304813,0.029745989304812835,398,59.685338933200065,59.875429410738214,1.0,0.0,0.0,1.756281407035176,0.02706030150753769,350,59.116862025991665,59.972399737165226,1.0,0.0,0.0,1.9228571428571428,0.0328,1.0408167919522218,0.5493351689156052,0.007396459636465948,0.02741252252489268,0.3298458405579018,0.3360570358452225,0.003296323121840868,0.00897341256500239,-0.0030024663842432853,0.0011189013755938503,-0.23777695167809726,0.002360172225826318,-0.00209821394966041,0.0011493226171296555,-0.3239037400111556,0.0009400288845881732,0.0,2783.6015239572685
144,614232,28,737,59.68700593191241,62.41685862568684,1.0,0.0,0.0,1.8833107191316147,0.029077340569877885,367,59.309410298598756,61.825698151410364,1.0,0.0,0.0,1.7574931880108993,0.02847411444141689,370,60.101282283890825,62.94738725644777,1.0,0.0,0.0,2.0081081081081082,0.029675675675675677,1.0227307626793365,0.5255787271928258,0.003915532861164329,0.0070504431757224305,0.3997216446143409,0.31907518062802587,0.005341782954724457,0.005080514635149654,-0.003808582936827465,0.0011583440340473317,-0.25391395315527915,0.0032581481873478423,-0.0021425907459483805,0.0012135267345001921,-0.3334239663556218,0.0012353469566733111,0.0,2781.8306689542974
145,618444,28,737,60.35968806390023,59.672429918196265,1.0,0.0,0.0,1.8575305291723203,0.02991858887381276,382,59.70001312172308,58.22525882113489,1.0,0.0,0.0,1.7670157068062826,0.025471204188481675,355,61.06082828815708,61.24823844610755,1.0,0.0,0.0,1.9549295774647888,0.03470422535211268,0.9466989453740342,0.4996865510612867,0.007242134177352594,0.010763137880026086,0.33298870496725586,0.32311256995897686,0.0035638455753382084,0.00797431518288938,-0.002824170862941766,0.0011770405231800395,-0.2572235997766256,0.0021489399841129854,-0.0024332553267395083,0.001104608403693419,-0.33674665782600643,0.0021917586592280713,0.0,2779.875240998938
146,622664,28,750,59.703864398695345,60.212581634977475,1.0,0.0,0.0,1.8133333333333332,0.03184,378,59.835132817496074,61.58487767066612,1.0,0.0,0.0,1.6772486772486772,0.02642857142857143,372,59.56474841137934,58.87678283428054,1.0,0.0,0.0,1.9516129032258065,0.037338709677419354,0.9284248485024859,0.454027526953094,0.0013132547302575127,0.000601409090607087,0.3059675167443586,0.29436419968359856,0.0016516841143469718,0.01789125585548199,-0.0018904709916716556,0.0011052981462853495,-0.2741048727184534,0.001453544998145162,-0.0026833903894814327,0.0012521640710474458,-0.35397623404860495,0.001507857406511448,0.0,2778.4261545544273
147,626912,28,718,59.316254836660725,59.35115876190979,1.0,0.0,0.0,1.958217270194986,0.028189415041782732,360,59.75845934332047,60.953691514772025,1.0,0.0,0.0,1.9055555555555554,0.02688888888888889,358,58.90020220942711,57.627504347493996,1.0,0.0,0.0,2.011173184357542,0.029497206703910615,0.9522609643051491,0.46688254424718995,0.0007474224759060865,0.01057205648390086,0.2360060716632142,0.25366950369145913,0.004572066642131545,0.012400600534864435,-0.0034852124130385297,0.0011299204037641176,-0.28083147797733543,0.0019982943948434694,-0.004211018020039803,0.001191201725305291,-0.3634529523551464,0.002704770773561904,0.0,2777.4762397408304
148,631106,28,768,60.08581233232016,59.52391197532372,1.0,0.0,0.0,1.73046875,0.030156250000000006,394,60.16467607915948,59.33716472633666,1.0,0.0,0.0,1.6827411167512691,0.02720812182741117,374,60.012049225823674,59.746281531921035,1.0,0.0,0.0,1.7807486631016043,0.0332620320855615,0.9418725836406442,0.3902711187303848,0.0004948653331391157,0.016490993184906662,0.22626257855782667,0.24499103441233158,0.004343676751585016,0.0033708990254489573,-0.0005614581071970104,0.00107144799476373,-0.3042143706232309,0.0018179750401600358,-0.0007610974022976197,0.0012003031246422325,-0.3647006548941135,0.000837812531964488,0.0,2776.132637000658
149,635322,28,756,61.75034592341135,60.89529770338746,1.0,0.0,0.0,1.7883597883597884,0.029457671957671957,359,61.85827862466465,61.130831774229456,1.0,0.0,0.0,1.7493036211699164,0.02743732590529248,397,61.650122700819004,60.68788710369077,1.0,0.0,0.0,1.8236775818639799,0.03128463476070528,0.8457257402896488,0.36734075359798046,0.004932956689248597,0.0018028652181204519,0.3241593612905475,0.24476466749631715,0.002500679556053114,0.004258925879852961,-0.002249337312298394,0.0011770556797273458,-0.3036847634240985,0.0019827355364924414,-0.0005955249056076639,0.0010862053808523343,-0.3679250918328762,0.001053477967877825,0.0,2773.2887092984984
150,639560,28,769,62.91667377237082,61.5930848905681,1.0,0.0,0.0,1.7555266579973992,0.027958387516254877,397,60.46643032549539,60.33919680970203,1.0,0.0,0.0,1.6876574307304786,0.025969773299748113,372,65.37974571896811,63.01323437442195,1.0,0.0,0.0,1.8279569892473118,0.03008064516129032,0.9348345025204259,0.3741786801802499,0.007548563248357129,0.002172987771586211,0.2510819867845717,0.23693838538662265,0.00043670005194179466,0.015085270727916008,-0.0010861185749650004,0.0011197141640877817,-0.3115924634039402,0.0010566627265156114,-0.001162633406971525,0.0010175193492614198,-0.3618662029504776,0.000739868912538455,0.0,2772.079770408211
151,643774,30,753,60.94904831610234,59.11068895333387,1.0,0.0,0.0,1.798140770252324,0.027543160690571052,421,62.179459940720605,61.029401487397784,1.0,0.0,0.0,1.7054631828978621,0.025558194774346794,332,59.33171479695007,56.759434287313354,1.0,0.0,0.0,1.9156626506024097,0.030060240963855425,0.9031030000329605,0.3947218002178091,0.01201235943618314,0.009626007456266692,0.31933080926756796,0.24718851033939862,0.003981989967362214,0.0033300735307229524,-0.002945075107421713,0.0010639692285622005,-0.28879829961806536,0.0023745255867993363,-0.0006833205120469366,0.0009214982113917358,-0.3595070354640484,0.001013328606052255,0.0,2761.1817195555905
152,647992,30,747,60.167038518826324,60.373056292282655,1.0,0.0,0.0,1.823293172690763,0.028500669344042842,354,61.25944894770718,61.33267615599038,1.0,0.0,0.0,1.7033898305084745,0.026129943502824857,393,59.1765109278722,59.51419651426424,1.0,0.0,0.0,1.9312977099236641,0.03063613231552163,0.9153793651729589,0.39757449642045334,0.0022454493032846015,0.002848692739039708,0.3138588385505822,0.28641311819004406,0.0022209969090419713,0.005151596719146212,-0.0026375760806036873,0.0011217377701541408,-0.2906982570886612,0.0021237203678083462,-0.0023106984283103203,0.0011025131214410066,-0.3700000360608101,0.0015380022015961004,0.0,2759.586213398973
153,652228,30,755,61.34463423868785,59.91199297021066,1.0,0.0,0.0,1.8052980132450331,0.028503311258278145,354,61.806292527267466,60.015276842968106,1.0,0.0,0.0,1.6355932203389831,0.02483050847457627,401,60.96068081056223,59.81545628512079,1.0,0.0,0.0,1.9551122194513715,0.03174563591022444,0.9015472782782896,0.365177446665427,0.0019212645078495675,0.007449770067595956,0.2877615769533859,0.23712167620733215,0.0009793913022195005,0.006513821596063704,-0.002361341963839703,0.0009764113347046077,-0.3035284452140331,0.0018322764738513797,-0.0015851239259268457,0.0009735842220834456,-0.382417506352067,0.0008772015975864634,0.0,2757.259014669937
154,656460,30,741,62.27057478939572,61.5340339199005,1.0,0.0,0.0,1.8556005398110662,0.027678812415654522,391,62.35715311667865,60.75052627406647,1.0,0.0,0.0,1.751918158567775,0.025447570332480816,350,62.16434371297494,62.33430108757056,1.0,0.0,0.0,1.9714285714285715,0.030171428571428568,0.974560492646876,0.38882580333710215,0.001496746913540775,0.0036493217265869933,0.20797690649555248,0.22895771991183728,0.007992145149950747,0.010822058900560658,-0.0022222933955175716,0.0012255992216523737,-0.2959652841091156,0.0018135184849796815,-0.0008742266512343444,0.000997513790935045,-0.3851450178772211,0.0007122169690319425,0.0,2755.0096501284193
155,660666,30,747,61.50375430883231,60.621163177581685,1.0,0.0,0.0,1.8152610441767068,0.029759036144578317,341,63.75465429871306,59.71218495548449,1.0,0.0,0.0,1.7624633431085044,0.026656891495601173,406,59.587146396656635,61.37418925373083,1.0,0.0,0.0,1.8596059113300492,0.032364532019704434,0.9418287242289908,0.3982360112749782,0.003670288933079656,0.007513901930815102,0.3026226709433365,0.21880859726909135,0.0012172501144365267,0.0033232397098051985,-0.0023781602075669374,0.001024920353665948,-0.3002038588747382,0.0032599220177530696,-0.0034062930604884857,0.0011562571817194112,-0.3786458019167185,0.002330015454174372,0.0,2752.818618139584
156,664904,30,744,59.1259710536429,59.23384909115746,1.0,0.0,0.0,1.8481182795698925,0.028252688172043013,372,58.93949756677988,56.59067289762489,1.0,0.0,0.0,1.7983870967741935,0.026155913978494625,372,59.31560510807985,61.83636103555876,1.0,0.0,0.0,1.8978494623655915,0.0303494623655914,1.040113250530828,0.3983129682366443,0.001037094048939638,0.0006316743654530003,0.25168572333111106,0.2312803997915373,0.0035046426295392806,0.00993827745854849,-0.0020763049936022735,0.001380423603404779,-0.28815850932151077,0.0033379265856638084,-0.0020275370666265726,0.0010276751476339997,-0.39371947534382346,0.001319510183247985,0.0,2750.9594030108583
157,669190,30,708,60.79044791509433,59.553327025701186,1.0,0.0,0.0,2.0268361581920904,0.028333333333333335,353,58.89083623512705,57.990849152698026,1.0,0.0,0.0,2.0509915014164304,0.02512747875354108,355,62.883433239130156,60.95789490090082,1.0,0.0,0.0,2.0028169014084507,0.03152112676056339,0.9413365752612064,0.4443471845565228,0.002348314823501224,0.01287949555847172,0.2468410885480313,0.19360930006516675,3.239860069623952e-05,0.008304492006747969,-0.0021611442054437547,0.0012397081416565924,-0.2864411845803261,0.0026403466761564685,-0.0013319104322438546,0.001165580450469861,-0.3894547440111637,0.0009922698429932098,0.0,2749.8620107449356
158,673424,30,723,59.89725118926146,60.398418351554895,1.0,0.0,0.0,1.9280774550484094,0.027247579529737206,367,58.798060589654305,60.06521827810885,1.0,0.0,0.0,1.8719346049046321,0.023978201634877388,356,60.99644178886862,60.75198065171153,1.0,0.0,0.0,1.9859550561797752,0.030617977528089892,0.9676037485245064,0.4184295312182995,0.0026674179945883497,0.011199118970884773,0.25071570895229944,0.20493372822029973,0.00403649923381741,0.002598751064969004,-0.0017996963681578438,0.0009037350690050516,-0.2789998032152653,0.0013232830979632126,-0.001286988212666529,0.0009564352840243373,-0.3963021241128445,0.001045950846634014,0.0,2749.353651699854
159,677682,30,744,60.86274094388306,60.43749954769729,1.0,0.0,0.0,1.8615591397849462,0.027836021505376344,356,60.54207322265709,60.18441691336775,1.0,0.0,0.0,1.845505617977528,0.024803370786516853,388,61.18866551299799,60.64737295177546,1.0,0.0,0.0,1.8762886597938144,0.030618556701030926,0.9864788221626128,0.42305261112717785,0.002841212327902137,0.002226581525609278,0.20039857849982184,0.2013722306619181,0.0021524526623230653,0.0013600770448638701,-0.0025625535623002905,0.0010212679822870995,-0.28316198009997606,0.0023925757854158292,-0.0018974530522924526,0.0011214016223675572,-0.3962796501815319,0.0013310483692777098,0.0,2746.3939713860814
160,681916,30,758,60.37550374726295,61.256921449825356,1.0,0.0,0.0,1.7928759894459103,0.030224274406332453,351,60.93859400311101,61.43339330200562,1.0,0.0,0.0,1.660968660968661,0.026125356125356124,407,59.95000115573975,61.08234714444274,1.0,0.0,0.0,1.9066339066339066,0.033759213759213764,0.9949779136903607,0.3867640234702695,0.005297074723303026,0.00039149767632393916,0.22661337951712307,0.19994610830088083,0.002741640240528731,0.012962125660264794,-0.0020131839347847015,0.00125596208308707,-0.30584654211997986,0.0015036122163678556,-0.0018702659505558466,0.0010362979490309953,-0.39018426090478897,0.001473811883261078,0.0,2743.602721195281
161,686134,32,724,60.04735186230971,61.242133326424025,1.0,0.0,0.0,1.9129834254143647,0.029309392265193374,347,59.77930002155563,60.97706473421846,1.0,0.0,0.0,1.824207492795389,0.026772334293948125,377,60.28946320234565,61.490548394511976,1.0,0.0,0.0,1.9946949602122015,0.03164456233421751,0.9909077880344924,0.4165950005420869,0.004490074940193481,0.012220341483112226,0.15919032929750046,0.20884612112826748,0.002318129587353162,0.0030622283954247157,-0.002094794202568867,0.0011768636300985235,-0.29761585388332606,0.00232505216303025,-0.0005388364765015807,0.0010808057115355041,-0.3877855930477381,0.0007007374183615412,0.0,2733.941250221606
162,690370,32,740,60.49253179961985,61.50837214766801,1.0,0.0,0.0,1.8621621621621622,0.027351351351351354,383,58.92242390609553,60.95020292789429,1.0,0.0,0.0,1.7806788511749347,0.027284595300261096,357,62.35161660606275,62.05503272373506,1.0,0.0,0.0,1.949579831932773,0.027422969187675072,1.0173389871889185,0.4247803793653587,0.0062509922308300065,0.005288662192310569,0.2072644759180753,0.22107950931630552,0.0012531454802975654,0.0017947436259623138,-0.003526346495345933,0.0011112679116195069,-0.28240380603820087,0.0031078205644462288,-0.0010063009195720146,0.0011758548629586586,-0.37681972719728946,0.0016108394742332167,0.0,2732.298313156404
163,694592,32,754,61.12950104001579,58.450913772818595,1.0,0.0,0.0,1.79973474801061,0.030941644562334225,370,61.32220902940942,59.1449600362035,1.0,0.0,0.0,1.7351351351351352,0.02640540540540541,384,60.94587353179778,57.774847982578386,1.0,0.0,0.0,1.8619791666666667,0.035312500000000004,1.0018983960418457,0.4352946788222496,0.004567688103093284,0.008051623104286108,0.26478446855305693,0.24296369213776742,0.007099121933165541,0.006269022998370651,-0.0023905425864823525,0.0011977414498687722,-0.2807760193943977,0.002198498576308339,-0.0029361081809838653,0.0009996731037972494,-0.392180772125721,0.0014150730468429629,0.0,2730.847476062219
164,698804,32,755,58.127834944468546,57.83147616333212,1.0,0.0,0.0,1.7894039735099339,0.027443708609271523,377,58.91573003453769,55.88862894539654,1.0,0.0,0.0,1.6180371352785146,0.02453580901856764,378,57.165870008919015,59.40650279146436,1.0,0.0,0.0,1.9603174603174602,0.030343915343915347,1.029379565018843,0.4616973353154519,0.0006407004880240913,0.0034356038663650524,0.21123574338000975,0.21462955403031525,0.001952567495807091,0.01825437970737918,-0.0034703702858296798,0.001016805125254905,-0.2675764005631208,0.0017545550650936547,-0.0019691446638651633,0.0009223182700225152,-0.4096177686005831,0.0014616423353480457,0.0,2729.3714749262886
165,703044,32,713,59.83461441719057,59.79526721480933,1.0,0.0,0.0,1.973352033660589,0.028821879382889208,375,59.512142212438185,58.817549505543184,1.0,0.0,0.0,1.984,0.026160000000000003,338,60.19011088387542,60.88667302980409,1.0,0.0,0.0,1.9615384615384615,0.03177514792899409,1.026138802488265,0.5171662242757425,0.008442544943245731,0.003978721609894186,0.19024668401758976,0.1736646817006075,0.0016817811108996556,0.0031459944406383145,-0.002568928273601623,0.001197295508609386,-0.2424865484237671,0.0021745997042216915,-0.0023852851726348322,0.0014127570582786575,-0.4203460343182087,0.001624815731884155,0.0,2728.5671460861313
166,707276,32,755,59.17659345390568,62.25136438077843,1.0,0.0,0.0,1.8026490066225165,0.027973509933774836,395,60.554840352482536,63.15104481976921,1.0,0.0,0.0,1.6886075949367088,0.025367088607594936,360,57.525998365789675,61.34236082843025,1.0,0.0,0.0,1.9277777777777778,0.03083333333333333,1.0819409213463917,0.5358727114772163,0.002884040555794562,0.009839961029176966,0.179313748576009,0.16990112673269425,0.0005737836731231184,0.006034563177592185,-0.0030853365998683214,0.001049777014850406,-0.23395545706152915,0.0024695410448202894,-0.0006884900397352567,0.0010913383208389859,-0.42651189416646956,0.0003657189601170785,0.0,2726.223929903501
167,711488,32,760,61.08427389615331,61.09961792428404,1.0,0.0,0.0,1.7710526315789474,0.028328947368421054,372,61.879728231600296,61.24737476467994,1.0,0.0,0.0,1.6612903225806452,0.027284946236559134,388,60.33003481124762,60.956407448208026,1.0,0.0,0.0,1.8762886597938144,0.02932989690721649,1.0987223374283441,0.516102721846807,0.004501188855833943,0.002939445775921562,0.17738609206377248,0.16072873997415402,0.0032131098094756415,0.0050856093848365876,-0.0022219042185396497,0.0010781034288811497,-0.24818832874298097,0.0026250089605582617,-0.0010086498455222138,0.001299983854551101,-0.4355801913887262,0.0006292084031400691,0.0,2724.828774945759
168,715708,32,780,61.059596413418305,60.61047888397577,1.0,0.0,0.0,1.705128205128205,0.027653846153846154,405,61.81791761726094,61.294271326233506,1.0,0.0,0.0,1.5432098765432098,0.024271604938271605,375,60.22749260595856,59.88349955062809,1.0,0.0,0.0,1.88,0.03130666666666666,1.0764189817482326,0.5220514774596456,0.0046677519804029345,0.005712017496505859,0.15976418108410953,0.13776774629317173,0.0028758819410518864,0.0021070857323394446,-0.0019383626574319356,0.0009775772574357688,-0.2722633335739374,0.002183798891155675,-0.0008397378479225948,0.0009848960551607888,-0.4309606242924929,0.0011123143534803148,0.0,2720.431855158104
169,719952,32,777,62.42233718177206,59.72465046165726,1.0,0.0,0.0,1.731016731016731,0.0276962676962677,396,62.63749228243533,57.98139479289126,1.0,0.0,0.0,1.6565656565656566,0.025050505050505045,381,62.20160811477036,61.56063249578315,1.0,0.0,0.0,1.8083989501312336,0.030446194225721788,1.1089049118646492,0.49303490779267645,0.0006347872834478915,0.00591527935693799,0.09617747829715825,0.1464387503929105,0.0015563048871876433,0.007078626744302853,-0.0028382304789802528,0.0009590320878487546,-0.2552365090698004,0.0020504838166743866,-0.0009281147592022365,0.0009817621896218043,-0.4274252954870462,0.0007283893768317284,0.0,2719.6808748787703
170,724180,32,753,60.93339537880106,61.64232878123249,1.0,0.0,0.0,1.8074369189907038,0.02912350597609562,368,60.967790857186294,63.09811519432451,1.0,0.0,0.0,1.6766304347826086,0.025054347826086957,385,60.89863784274859,60.32838822377511,1.0,0.0,0.0,1.9324675324675324,0.033012987012987015,1.1350766294384929,0.5237721902312876,0.005487878682496427,0.0018857280316887082,0.20658996015102146,0.16388254970843452,0.0027446584429819993,0.009830752519324564,-0.004169328171400893,0.0010094466793816536,-0.24253682643175126,0.0023930964352075535,-0.0008787829421366578,0.001118833826330956,-0.4280008438974619,0.0005962450539755082,0.0,2718.156062739798
171,728430,34,757,60.33492092808726,59.74505491011241,1.0,0.0,0.0,1.8071334214002641,0.027252311756935273,396,60.69429418252409,58.32049526032286,1.0,0.0,0.0,1.72979797979798,0.02464646464646465,361,59.981162880751015,61.489929747428576,1.0,0.0,0.0,1.89196675900277,0.030110803324099725,1.1035014412686923,0.5569994044217534,0.005686592517300925,0.004060111056412853,0.21047609277042129,0.14014964664729412,0.001815856466691582,0.0009756890069324745,-0.003406975965369047,0.0009203052351949737,-0.23568070847541095,0.0035076908417067897,-0.002379967708870015,0.0010193953050475102,-0.43493249006569384,0.0020392258473085566,0.0,2708.037271369143
172,732656,34,746,61.8606681121452,61.40296248421403,1.0,0.0,0.0,1.8324396782841823,0.026568364611260054,383,59.95082324251492,60.6061153987901,1.0,0.0,0.0,1.783289817232376,0.024621409921671018,363,63.87720822588891,62.24311647645448,1.0,0.0,0.0,1.884297520661157,0.028622589531680443,1.1376334556531214,0.6140689121431829,0.0030335795260188307,0.0036649005852248265,0.11830982093453682,0.14270055682264166,0.002292582234899341,0.005498082972810493,-0.002506147616704313,0.0009173496124276426,-0.24240808254107832,0.002480386072056717,-0.003368574057364915,0.0011898560529516543,-0.42699065916240214,0.0017437697097776096,0.0,2706.119402444192
173,736884,34,769,59.908099749140945,60.964622859635156,1.0,0.0,0.0,1.7490247074122236,0.027113133940182055,387,58.54086983040954,61.27043501182487,1.0,0.0,0.0,1.7183462532299743,0.023901808785529714,382,61.42045463131307,60.67990120069991,1.0,0.0,0.0,1.780104712041885,0.03036649214659686,1.1707944892105113,0.5414931782549848,0.010397914088006065,0.002950820500684288,0.14146751630195636,0.15500366856130698,0.001253912843800512,0.003868720895148112,-0.0010622697974841833,0.0009711555961985141,-0.2609885594807565,0.0012113671731867725,-0.0018384358998484174,0.0010188731110247317,-0.42803132757544515,0.001936491719368405,0.0,2704.9561648995386
174,741106,34,772,62.13064129781053,59.878460510115815,1.0,0.0,0.0,1.7344559585492227,0.027150259067357515,395,60.72866987599766,60.34615103530844,1.0,0.0,0.0,1.691139240506329,0.026303797468354432,377,63.51082041772992,59.357392261939246,1.0,0.0,0.0,1.779840848806366,0.02803713527851459,1.0891024561763387,0.5137877282610328,0.0028712646986182922,0.0030079040491894117,0.16269168233813708,0.1574663052100201,0.004023701821566401,0.005730371625232388,-0.0034075105325305,0.0010639022206305527,-0.27243044711649417,0.0038975064161377304,-0.0008367823834790622,0.0009445823736314197,-0.4197302244603634,0.0005242493618538901,0.0,2704.1173656152523
175,745320,34,756,58.55685089038283,62.00188186241015,1.0,0.0,0.0,1.787037037037037,0.029325396825396827,373,58.42661963242841,61.311013423386704,1.0,0.0,0.0,1.6997319034852547,0.02541554959785523,383,58.7006322214192,62.60063450956382,1.0,0.0,0.0,1.8720626631853785,0.033133159268929506,1.0983409341317025,0.48713006212974397,0.00211235165863671,0.0024039473731739328,0.17641748024675305,0.17662963581211524,0.0032378938377076276,0.0034866406229784558,-0.003123019329750365,0.0009028169770317618,-0.28970020841807126,0.0031601787643012356,-0.0012611657810358446,0.0010514165544009302,-0.42090605609118936,0.0007556872230452428,0.0,2703.3742599431953
176,749526,34,750,61.213652126915854,61.78360485948735,1.0,0.0,0.0,1.804,0.028040000000000002,363,61.26377642178371,61.81548414369685,1.0,0.0,0.0,1.7878787878787878,0.025867768595041325,387,61.16325541740199,61.755651595500694,1.0,0.0,0.0,1.8191214470284238,0.03007751937984496,1.035559926393362,0.45691003571594474,0.009948036879245272,0.006328288342537838,0.1695343025219847,0.17298569008413522,0.000790455993570694,0.021690855040055305,-0.0024401787175458932,0.001096428909659153,-0.2806391241028905,0.0020163065485576228,-0.0015494453824456244,0.0010590590209176298,-0.4339045062661171,0.0007653757297049424,0.0,2700.7577282287857
177,753758,34,751,61.711472310355646,61.083020252665726,1.0,0.0,0.0,1.8175765645805593,0.026617842876165115,382,62.57976687732211,61.48055689678256,1.0,0.0,0.0,1.7513089005235603,0.024790575916230365,369,60.85277215849382,60.65376525928425,1.0,0.0,0.0,1.886178861788618,0.028509485094850948,1.024208980647225,0.485519388964732,0.004697912648504822,0.00019024602642701515,0.18911596882990367,0.16769218295753954,0.002867113641188461,0.0009896366119030637,-0.0033852630393807425,0.001102127724152524,-0.271118651330471,0.0028780980144802017,-0.0009878481062984723,0.0010005723059293814,-0.42366656847298145,0.0006300375732536167,0.0,2699.5079750689047
178,757986,34,782,61.178829897316,62.26172624484874,1.0,0.0,0.0,1.7033248081841432,0.02746803069053708,407,60.1691886803064,61.41632699824467,1.0,0.0,0.0,1.597051597051597,0.024914004914004917,375,62.25431728065231,63.1956489727726,1.0,0.0,0.0,1.8186666666666667,0.03024,1.0683745616169884,0.5101035757205417,0.00786361180936548,0.0011641992603590716,0.2161323838325479,0.18057863148767245,0.0034484484669767314,0.010750020378447907,-0.002897561434526108,0.0010127512425242458,-0.2776206130161881,0.0024808185330357445,-0.0016571709175202897,0.0010046123425127007,-0.43567318059504034,0.0016220180634718417,0.0,2698.623210890539
179,762224,34,757,59.55930983549702,60.79315411945844,1.0,0.0,0.0,1.799207397622193,0.025878467635402906,347,58.83064834452657,61.55532270915507,1.0,0.0,0.0,1.6080691642651297,0.02446685878962536,410,60.21361811310313,60.18413155479431,1.0,0.0,0.0,1.9609756097560975,0.027073170731707317,1.0374795454771604,0.4997026607398464,0.005307433835758628,0.0025842630882537084,0.1515560036842344,0.16037525735889088,0.00021523165117887758,0.00511681462094157,-0.0019429245941954137,0.001025646291236626,-0.2523774767294526,0.0018248155830406176,-0.0013080033087306598,0.0010772783993161284,-0.44105442240834236,0.000831052736689486,0.0,2696.938467302427
180,766456,34,740,62.26581849793097,59.48315786325194,1.0,0.0,0.0,1.8594594594594596,0.027337837837837838,383,61.0314938211862,59.820802258997425,1.0,0.0,0.0,1.723237597911227,0.02472584856396867,357,63.51393451184607,59.09998838043963,1.0,0.0,0.0,2.0056022408963585,0.03014005602240897,1.1094214242358886,0.5446423658211609,0.00045177920379977157,0.001165904329504399,0.14153713090489836,0.13587640603379747,0.0012935092465670003,0.004579275976561425,-0.002700714583872088,0.0012076297178282402,-0.24364787032827734,0.0021030922298109545,-0.0021641120091346446,0.0010577234119409696,-0.4344105627387762,0.0018813119081642071,0.0,2696.4054228014606
181,770670,36,785,59.1176296101053,60.88715197971775,1.0,0.0,0.0,1.6840764331210192,0.02643312101910828,422,57.817950555195075,58.80137236016108,1.0,0.0,0.0,1.6563981042654028,0.02466824644549763,363,60.725325088433564,63.170531773758746,1.0,0.0,0.0,1.7162534435261707,0.028484848484848484,1.1470583849870564,0.5638078899001906,0.005289984578616176,0.009513805572848791,0.17006231198118407,0.1594022042283754,0.005578800399004138,0.008977149020584116,-0.001575380183279146,0.0007783204069710337,-0.2308382355608046,0.001900929094267667,-0.001926045084904643,0.0009406435929122381,-0.43710278645157813,0.0017892076727548556,0.0,2689.684709518566
182,774922,36,741,59.757240045301884,59.767118523636945,1.0,0.0,0.0,1.8690958164642375,0.027233468286099866,387,58.7964528832703,59.87583856069399,1.0,0.0,0.0,1.834625322997416,0.024754521963824293,354,60.88192619379765,59.65603500751346,1.0,0.0,0.0,1.9067796610169492,0.02994350282485876,1.1882372597359783,0.6037788348328375,0.006054107710448694,0.0008242537794133273,0.17692475138460492,0.1538468674431393,0.003178500935873565,0.004818478884483602,-0.0022438697266425945,0.00107166356392554,-0.24236972033977508,0.002887076057606919,-0.0007960574563200595,0.0009941963864548598,-0.44589568600058554,0.0009226745046589713,0.0,2688.409747741054
183,779148,36,748,59.698431932911014,59.35858708881748,1.0,0.0,0.0,1.8248663101604279,0.0268048128342246,360,58.89679205502963,59.35248359398763,1.0,0.0,0.0,1.7083333333333333,0.02297222222222222,388,60.469739491088795,59.36405918763045,1.0,0.0,0.0,1.9329896907216495,0.03036082474226804,1.0592408126612893,0.5468022302400162,0.004008368849007228,0.0016977695112718454,0.14489715769477007,0.14143299081761035,0.0016703824153432912,0.006357451387268792,-0.00309262202003662,0.0011587167187826707,-0.2687461135908961,0.003201920434275962,-0.002079406334270112,0.0010064114423585125,-0.45300840102136136,0.0010733330606115033,0.0,2686.747465263208
184,783372,36,759,61.264855913853864,58.39791927485548,1.0,0.0,0.0,1.7826086956521738,0.02785243741765481,386,61.473904658258164,60.56481110362127,1.0,0.0,0.0,1.7772020725388602,0.025388601036269432,373,61.04232015368155,56.21943978925138,1.0,0.0,0.0,1.7882037533512065,0.030402144772117962,0.9911972079190146,0.5051567638463547,0.002465264882804962,0.0016487621230515488,0.14323801306376174,0.12527003450863974,0.0024965716895483177,0.0009153269131808496,-0.001860703643805317,0.0012587781478941907,-0.2518568553030491,0.002229274032220019,-0.002102159315513277,0.0009649299601733219,-0.4519605379551649,0.0011099854445546953,0.0,2684.890735872874
185,787592,36,778,60.4878440353676,61.98548363960709,1.0,0.0,0.0,1.712082262210797,0.02640102827763496,390,60.27933548263955,61.238988228029335,1.0,0.0,0.0,1.594871794871795,0.024589743589743588,388,60.69967985223492,62.728246574126935,1.0,0.0,0.0,1.8298969072164948,0.02822164948453608,1.0388411353085236,0.5150992273464525,0.006654038238692286,0.001469437452170934,0.09137875697557601,0.12484438436753272,0.007724533090748311,0.013051801419693304,-0.0015642853500594355,0.0011056244104111102,-0.27398233115673065,0.0023591318528360717,-0.0002845261407628641,0.000884176479303278,-0.4580901779234409,0.0002829792169109169,0.0,2683.8064767155465
186,791824,36,773,59.43971561515396,61.22763580268216,1.0,0.0,0.0,1.7373868046571799,0.027697283311772316,366,58.55207660697672,60.50354296365722,1.0,0.0,0.0,1.644808743169399,0.024644808743169398,407,60.291670643102954,61.83684852782335,1.0,0.0,0.0,1.8206388206388207,0.030442260442260442,1.0062026874414596,0.4870765313486373,0.004664695194716605,0.0040028220464734384,0.1551184178486656,0.13440256653495145,0.00855975055589564,0.010985377710358953,-0.003896755064208929,0.0009765178416273557,-0.300978709384799,0.0025343931591123693,-0.0010542171822112145,0.0010591729587758891,-0.4558512013405561,0.0009691525710081806,0.0,2682.438175303735
187,796066,36,776,61.602080300844094,60.54238641165026,1.0,0.0,0.0,1.7332474226804124,0.028260309278350514,385,62.052716695089245,59.72532478629672,1.0,0.0,0.0,1.6493506493506493,0.025896103896103893,391,61.06236461936444,61.21021303693923,1.0,0.0,0.0,1.815856777493606,0.03058823529411765,0.9388386285958534,0.44777121881620924,0.0013046323444522601,0.009186976910733304,0.16353527842429985,0.1270243636321002,0.0007870990645829176,0.009252389232949403,-0.002122068662349741,0.0011313367736875079,-0.29643736947327853,0.002390835822217241,-0.0006377051627730057,0.001012313452520175,-0.46157802678644655,0.0009894218909721531,0.0,2681.5385882983896
188,800306,36,769,62.38449025198303,61.17440069412781,1.0,0.0,0.0,1.7568270481144344,0.028712613784135248,399,62.81661494676584,60.6829483259909,1.0,0.0,0.0,1.6541353383458646,0.028045112781954887,370,61.912222825990895,61.69739011262646,1.0,0.0,0.0,1.8675675675675676,0.029432432432432435,0.9446004673503388,0.48434826909086254,8.547978531510907e-05,0.0029028299885382807,0.1344060708178612,0.11965060981057676,0.0017443263556685437,0.004086618932867455,-0.0013276364959877607,0.0011367817656719125,-0.28099273703992367,0.0014022061956893595,-0.0005110925136544875,0.0010240408577374184,-0.4610603801906109,0.0009899686322569323,0.0,2680.200418875581
189,804562,36,775,61.66571873223957,59.93920057403152,1.0,0.0,0.0,1.7458064516129033,0.026812903225806452,421,59.29734994853448,59.88277593700014,1.0,0.0,0.0,1.6983372921615203,0.02356294536817102,354,64.47815666288938,60.00640295072058,1.0,0.0,0.0,1.8022598870056497,0.030677966101694914,0.9604055562121102,0.4946138625287665,0.005701406718925112,0.0075971567510157685,0.13313605574899973,0.1173638832194348,0.0005510872422990124,0.0017149933986333379,-0.0021335460319192754,0.0009742308597196825,-0.2932991927489638,0.0022794928176608662,-0.0018497852188452206,0.0009602517748135142,-0.45847017765045167,0.0011144193089421607,0.0,2679.252198084128
190,808794,36,759,60.48085001354529,61.52633927654332,1.0,0.0,0.0,1.7878787878787878,0.028010540184453224,383,60.26186251874365,62.38303135809532,1.0,0.0,0.0,1.7258485639686685,0.025561357702349866,376,60.69868494258484,60.63280022374178,1.0,0.0,0.0,1.851063829787234,0.030505319148936172,0.8478062796505823,0.4427526404664319,0.013936146121787547,0.0070506925503207776,0.16045733188578454,0.13930732323383244,0.002774504641142645,0.003899045240760785,-0.002138339725275129,0.001144990187458461,-0.28517488203942776,0.003101742930959972,-0.0013263691946076017,0.0011481667912448756,-0.4596267394721508,0.000781796667826029,0.0,2678.42176356497
191,813006,38,766,59.69734033740012,58.72466639908089,1.0,0.0,0.0,1.7493472584856398,0.02601827676240209,380,60.15585359463511,59.036054988160345,1.0,0.0,0.0,1.6710526315789473,0.022894736842105263,386,59.28350273087008,58.39208382226304,1.0,0.0,0.0,1.8264248704663213,0.029093264248704665,0.9184870388548225,0.5076951100984126,0.0031701330372364755,0.0014236074090544454,0.13765436759839042,0.13582295409558942,0.0038969628650343535,0.013632460921402979,-0.0028896684068160485,0.0009208967632730492,-0.2854388440027833,0.002842242943927431,-0.0013259690171878447,0.0008924958579882514,-0.45830613896250727,0.001957189773355594,0.0,2671.6219003698025
192,817234,38,740,60.36794579750174,61.3049326526522,1.0,0.0,0.0,1.8567567567567567,0.02756756756756757,379,61.03513455907391,59.72763207634702,1.0,0.0,0.0,1.725593667546174,0.02401055408970976,361,59.61179853438663,62.82994702200803,1.0,0.0,0.0,1.994459833795014,0.031301939058171746,0.9158747722515693,0.4367028830387091,0.01011204467412122,0.0005374079809053004,0.21388911418418993,0.13395854439911237,0.003033530809163569,0.016936228204586127,-0.0019012645080020095,0.0009710510988952592,-0.3154436646029353,0.0025685993909064565,-0.0013510976473411706,0.0011936821472772862,-0.45686063840985297,0.0016604553892145546,0.0,2670.860098652513
193,821474,38,780,59.06521354609498,60.846653157539315,1.0,0.0,0.0,1.7179487179487178,0.028525641025641025,408,58.92319249036918,60.49214588798502,1.0,0.0,0.0,1.6127450980392157,0.0249264705882353,372,59.21620435270871,61.247908638463414,1.0,0.0,0.0,1.8333333333333333,0.03247311827956989,0.9000967434662143,0.391391784250586,0.006632654652407052,0.011524417218749281,0.15045650320649046,0.13007990927568525,0.0023170501583236916,0.005117011023046248,-0.0013030429730876759,0.0010074815698317252,-0.345375213958323,0.0016208208160605863,-0.0015590998805607049,0.001060859567951411,-0.4681851830333471,0.0010839828111329553,0.0,2668.3542070575268
194,825720,38,756,59.619213947697865,60.477651831819486,1.0,0.0,0.0,1.8082010582010581,0.027023809523809523,363,59.71531708705965,60.15106231795615,1.0,0.0,0.0,1.6639118457300275,0.024214876033057855,393,59.52210973396772,60.75224699521703,1.0,0.0,0.0,1.9414758269720103,0.029618320610687025,0.8685950434451055,0.37286178119996305,0.001923701761629174,0.00481653957689946,0.13048305504493724,0.11025078955501844,0.0030764967469234777,0.015896806573145662,-0.001983898473634524,0.0008799585135420785,-0.35209563132375477,0.002041098697191046,-0.0030273946187805547,0.0012576309316500555,-0.4710812095552683,0.002079026725414224,0.0,2667.604469556014
195,829964,38,786,62.42359882152947,59.79458389249221,1.0,0.0,0.0,1.6997455470737914,0.025916030534351146,403,60.38467691751751,58.46502415078816,1.0,0.0,0.0,1.5930521091811414,0.02426799007444169,383,64.37344161323023,61.341981106000915,1.0,0.0,0.0,1.8120104438642297,0.027650130548302867,0.8648366580698021,0.3334770038192463,0.0020536522717116935,0.0022660755906325396,0.08992659930748426,0.09190377204950698,0.0008459583883295477,0.0038776022727657878,-0.0019436553909984555,0.0010881989168410656,-0.35051951818168164,0.0016519930152753659,-0.000842471621060914,0.0008605498587712646,-0.47419111132621766,0.0008684417161191505,0.0,2666.570455716949
196,834176,38,781,60.89849822839778,61.01926834259961,1.0,0.0,0.0,1.6965428937259923,0.026581306017925733,378,62.19454059338783,61.48513853930753,1.0,0.0,0.0,1.6375661375661377,0.024312169312169316,403,59.70838240285403,60.57251076934637,1.0,0.0,0.0,1.751861042183623,0.028709677419354845,0.8807341862314438,0.3456392172078181,0.0038544647727983272,0.0044365987798089725,0.10218606087081994,0.1074987255883209,0.002885186516214968,0.007781389454363378,-0.0016978823657435916,0.0009379249364428688,-0.34498390797525647,0.0018835217359992385,-0.0029234178979369086,0.001036430513340747,-0.4734923932701349,0.0017445597375569833,0.0,2665.2703166152655
197,838388,38,779,59.435733900519594,62.92975871209813,1.0,0.0,0.0,1.7034659820282414,0.02603337612323492,373,60.21061001772369,61.59204176932409,1.0,0.0,0.0,1.648793565683646,0.0225201072386059,406,58.70621638529818,64.12771418323908,1.0,0.0,0.0,1.7536945812807883,0.029261083743842366,0.8667578865451244,0.38002931349609453,0.0027187624199453155,0.0012494821740105546,0.12319191531644884,0.10794424872856968,0.006454332750853035,0.00611180307703669,-0.0014834656116096579,0.0009171234880341217,-0.33754532150924205,0.001622194324136217,-0.0005922521286345406,0.0008533583626558538,-0.4723433680832386,0.0008541788553571905,0.0,2664.743140806388
198,842604,38,792,62.11602555502174,59.95497180865914,1.0,0.0,0.0,1.6616161616161615,0.02642676767676768,380,61.28526029547101,58.374546537019526,1.0,0.0,0.0,1.5842105263157895,0.025552631578947372,412,62.84148254223504,61.495687902619366,1.0,0.0,0.0,1.733009708737864,0.027233009708737863,0.8700443762221669,0.34391674324024474,0.0010958651492819181,0.0026583963972935066,0.1406748540351321,0.11217643300124176,0.0030459497291539374,0.0008116805515083753,-0.003255749500911731,0.00092887013379368,-0.36966578122228383,0.0022557771099457114,-0.0005356116392679188,0.0008663062362757046,-0.47092561088502405,0.0006655341348277943,0.0,2664.1381884082116
199,846824,38,764,61.90389735178645,60.070659323455786,1.0,0.0,0.0,1.7617801047120418,0.026740837696335083,398,61.55924733265597,58.67209190510935,1.0,0.0,0.0,1.635678391959799,0.02484924623115578,366,62.29162862330824,61.538386669083096,1.0,0.0,0.0,1.8989071038251366,0.02879781420765027,0.8632700540542784,0.3571672894893797,0.00046914315544942145,0.00012883942405549482,0.15160099256943382,0.1065617722443185,0.004378417094666477,0.0030279571464299493,-0.003174156712522757,0.0008848661578667816,-0.36044820956885815,0.003200813906141775,-0.0010789587191487927,0.0010635181075485888,-0.4751586686819792,0.0011230121950575266,0.0,2662.37265039479
200,851044,38,800,61.29846074641414,62.06545202833892,1.0,0.0,0.0,1.6375,0.027175,419,60.2425468762815,62.2926829329693,1.0,0.0,0.0,1.5966587112171837,0.024725536992840094,381,62.579037142106934,61.840575848108834,1.0,0.0,0.0,1.6824146981627297,0.029868766404199474,0.8458782810380585,0.3120467894135874,0.0013304216014684385,0.005379978766690835,0.1305116964181846,0.09675758152556055,0.0047341676138142165,0.003704556679514822,-0.004076405851222875,0.0008280385583930184,-0.37482918333262205,0.004087791753863712,-0.001373906679171011,0.0009834921009314712,-0.48115225695073605,0.0010112725906765263,0.0,2661.967162057774
201,855246,40,777,61.430513271241246,62.058535780850235,1.0,0.0,0.0,1.703989703989704,0.027091377091377097,378,60.59392840573331,62.89019035771286,1.0,0.0,0.0,1.656084656084656,0.023465608465608467,399,62.15045890069279,61.19204750443316,1.0,0.0,0.0,1.74937343358396,0.030526315789473683,0.8690103043384829,0.3291001627740976,0.005956124486220469,0.004268127330415954,0.07076914376412563,0.09330036009678123,0.0018616969206407157,0.010599278682243753,-0.0016636155127068258,0.0008372186915948987,-0.3594516472890973,0.0019068881037696884,-0.00099077854089549,0.0010606544477923308,-0.47670102342963216,0.0014757126451513613,0.0,2652.983691278028
202,859474,40,777,60.39448421826453,59.21597677535979,1.0,0.0,0.0,1.7207207207207207,0.026267696267696268,414,61.19829299842397,58.0912266774308,1.0,0.0,0.0,1.6135265700483092,0.02388888888888889,363,59.48043880539751,60.502260132033925,1.0,0.0,0.0,1.8429752066115703,0.028980716253443527,0.9198599892759998,0.3662990499293199,0.0013312842012661796,0.005027047942261531,0.11206770017339997,0.10460222965455143,0.00029900072236205565,0.005426593132250429,-0.001185460993874643,0.0010077180224470795,-0.35615941807627677,0.002547891465741259,-0.0009255424053495568,0.0008407758352404926,-0.48021122850477693,0.0009674941003368076,0.0,2651.9785552089575
203,863706,40,779,61.03210238401419,62.56967128585807,1.0,0.0,0.0,1.7163029525032092,0.02629011553273427,397,62.02464928486837,62.43069489892533,1.0,0.0,0.0,1.5869017632241813,0.023324937027707812,382,59.98178820321611,62.71152801241636,1.0,0.0,0.0,1.850785340314136,0.029371727748691102,0.8821406268739466,0.333382557209151,0.001132138709763657,0.02032313744633333,0.1207645266679887,0.10404996124632734,0.003061807694574344,0.0006902178526601954,-1.7087757647749058e-05,0.0009481157663685736,-0.36116547510027885,0.0025220689351726834,-0.0007873803330418871,0.0010067274204629939,-0.47597310207784177,0.0018032150706858373,0.0,2651.2390041738317
204,867916,40,818,61.16150179027159,60.058227338441164,1.0,0.0,0.0,1.5733496332518337,0.026259168704156483,417,61.03573353037735,60.09144386574064,1.0,0.0,0.0,1.4892086330935252,0.023956834532374103,401,61.30168099661205,60.025964395657454,1.0,0.0,0.0,1.660847880299252,0.02865336658354115,0.9119876231428444,0.3406856154995051,0.004351215327324911,0.002104676904797117,0.12992332026874548,0.12376433001455667,0.00920394967068251,0.00011147305132520856,-0.0025615207222725476,0.0008951872485340572,-0.3621164109557867,0.002529334196719901,-0.002680365462674672,0.0008487284809234552,-0.4615309927612543,0.001199688449742098,0.0,2650.6116476562374
205,872146,40,743,59.78614592117433,60.21784161835956,1.0,0.0,0.0,1.8465679676985196,0.025625841184387616,366,59.611574567104455,62.808480335210305,1.0,0.0,0.0,1.7185792349726776,0.02314207650273224,377,59.95790160824306,57.735711329439745,1.0,0.0,0.0,1.9708222811671088,0.02803713527851459,0.9531309878337099,0.3804828340619922,0.0013240675131545767,0.014852368106002644,0.19179395955523593,0.13346047847856837,0.0021210373591873883,0.004077087093897064,-0.001701896096982769,0.0009744822185894009,-0.35311237405985596,0.0022917753786714456,-0.002358933413384108,0.0008820194409054239,-0.47015271596610547,0.0016764916938427632,0.0,2648.588172257429
206,876352,40,782,61.76621719787146,60.719530537971785,1.0,0.0,0.0,1.6892583120204603,0.025485933503836315,390,62.559951755544816,60.34691079474839,1.0,0.0,0.0,1.5435897435897437,0.023179487179487177,392,60.99690524197268,61.09971616430634,1.0,0.0,0.0,1.8341836734693877,0.02778061224489796,0.8817814944145876,0.32451535946075566,0.00226164961302872,0.0014314650516232955,0.11964268674104131,0.12414517265089885,0.002194366703548574,0.0033470095489829006,-0.001211893634935124,0.0008548685531422961,-0.38470434211194515,0.0010499533546862948,-0.0018573127338659735,0.000876669791614404,-0.47669906355440617,0.0012012950915959663,0.0,2647.2752773674038
207,880588,40,770,59.932048727775765,61.92171705825249,1.0,0.0,0.0,1.7506493506493506,0.027818181818181822,376,60.049395832068704,62.31849221516131,1.0,0.0,0.0,1.6063829787234043,0.02632978723404256,394,59.824042686511135,61.529053561000765,1.0,0.0,0.0,1.8883248730964468,0.029238578680203044,0.8566480188366162,0.3028764745942024,0.0034406523716671226,0.0016225878778809524,0.15159007714093692,0.1237754089821642,0.0020138249385974537,0.0260111223490635,-0.0016794969246549663,0.0009639631301979534,-0.37914258502423764,0.002012919356172915,-0.0007830635179497003,0.0009496391547145322,-0.47202808745205405,0.000977370476800843,0.0,2646.036703296003
208,884860,40,781,59.169245718685474,60.44727891493539,1.0,0.0,0.0,1.734955185659411,0.025492957746478872,366,58.88024013104551,60.1244416098901,1.0,0.0,0.0,1.6639344262295082,0.024508196721311472,415,59.40071778656376,60.76038243188888,1.0,0.0,0.0,1.797590361445783,0.02636144578313253,0.8833040550564133,0.36753347696007316,0.0015019904096393911,0.005181276918731366,0.16232177961821906,0.11948674821000271,0.0031765423697115197,0.0056009610574983704,-0.0007247756750427215,0.0009757353247550782,-0.3415397901087999,0.001205164023258476,-0.0010967285040037772,0.0009041846416948829,-0.47593785226345064,0.0014156987963360734,0.0,2644.7035546400234
209,889084,40,789,60.19891974733532,60.26043521631636,1.0,0.0,0.0,1.6768060836501901,0.025918884664131815,409,58.57154496808435,60.81205003913199,1.0,0.0,0.0,1.5843520782396088,0.02278728606356968,380,62.118856284653845,59.717012692849465,1.0,0.0,0.0,1.7763157894736843,0.029289473684210525,0.9162144531297495,0.3735038090537144,0.0023308386373569663,0.0017102858228955414,0.1464998979628157,0.11393486339672032,0.005629220039635307,0.0072611513649450295,-0.0019484142036229502,0.000934435916133225,-0.3478354889899492,0.0020554092265228975,-0.002165293431410953,0.0008938500432122964,-0.48838447630405424,0.002244968857684171,0.0,2644.411775827849
210,893294,40,781,60.184194233274795,59.513668394083325,1.0,0.0,0.0,1.6952624839948784,0.025467349551856595,391,60.53848994137307,59.76608518433965,1.0,0.0,0.0,1.5984654731457801,0.023836317135549873,390,59.815437475866354,59.27035942615586,1.0,0.0,0.0,1.7923076923076924,0.0271025641025641,0.916242621964813,0.3772690938797592,0.0010692785154324616,0.0018330037865024603,0.10296322585509032,0.09237724116357833,0.0004731776793545362,0.0020863771543405715,-0.0037006466027948324,0.0008602615242125466,-0.3617738150060177,0.00261935263060451,-0.0012899644585449344,0.0008475757960695774,-0.4966440353542566,0.000722377077602232,0.0,2642.9781830624056
211,897530,42,778,61.26546374607802,57.95183160542578,1.0,0.0,0.0,1.7223650385604112,0.026452442159383034,381,61.857206470498845,55.397194332400915,1.0,0.0,0.0,1.6141732283464567,0.023884514435695538,397,60.685985119572635,60.35619609768449,1.0,0.0,0.0,1.8261964735516374,0.028916876574307304,0.9169681932624766,0.36447592093336156,0.00231209392243607,0.004796410184012672,0.11074830927453735,0.09509920023237968,0.0019973638181986744,0.0024788538312859577,-0.0027137691360526505,0.0009910230168316049,-0.3677382655441761,0.002414901528391056,-0.002583221801761193,0.0009194933823891916,-0.4799898464232683,0.0016500930223173782,0.0,2635.536379717478
212,901772,42,789,59.29833164702106,62.29634054095259,1.0,0.0,0.0,1.688212927756654,0.024283903675538662,405,59.09170913299463,61.37289621185557,1.0,0.0,0.0,1.5950617283950617,0.021604938271604944,384,59.527052825649264,63.22447240471507,1.0,0.0,0.0,1.7864583333333333,0.027109375,0.8497214493197012,0.33041880452613026,0.004066434500731504,0.008258094646696178,0.11744968069362315,0.09909578309746708,0.005363783188841342,0.004153726948450049,-0.0022299737141823982,0.0007919361458334606,-0.3926594492048025,0.0015200024850955175,-0.001613854925248015,0.0009534749449812807,-0.49380936212837695,0.0013907212037338468,0.0,2634.417956833403
213,905992,42,792,60.54133876578278,60.58956006855079,1.0,0.0,0.0,1.6641414141414141,0.026047979797979803,376,61.21897924616684,59.94366301103395,1.0,0.0,0.0,1.5904255319148937,0.024468085106382983,416,59.91328173518292,61.15892903868414,1.0,0.0,0.0,1.7307692307692308,0.02747596153846154,0.8457683606809534,0.30032247044154275,0.005295459409102116,0.004653031303837152,0.1407890389895483,0.09769443321574081,0.0037682068916369033,0.0005842741008285431,-0.0017266515395729376,0.0008464492748316843,-0.3853668116033077,0.001676363175647566,-0.0009129818363744824,0.0008832075211103075,-0.48813723511993884,0.001299100106189144,0.0,2633.5221781360356
214,910198,42,807,62.19411145691024,60.585198534006246,1.0,0.0,0.0,1.6059479553903346,0.026517967781908302,415,61.36790485507685,59.391915212812386,1.0,0.0,0.0,1.5397590361445783,0.023060240963855422,392,63.15951591013947,61.732586342846496,1.0,0.0,0.0,1.6760204081632653,0.03017857142857143,0.861708324110005,0.3143239705387298,0.006479451143492297,0.00040679867969163364,0.136008331386212,0.09871028164367976,0.0040412357979965185,0.0052997611286598086,-0.0015923250887681206,0.000977775736100739,-0.3905812043696642,0.0016205787717638032,-0.0019523249597777625,0.0007455333601683378,-0.4950604658573866,0.0010980244938850526,0.0,2633.014406519583
215,914468,42,767,61.21158800963499,59.831555768754534,1.0,0.0,0.0,1.7835723598435462,0.025919165580182528,393,61.469446845996245,58.720669422556234,1.0,0.0,0.0,1.727735368956743,0.023384223918575066,374,60.94711740823882,61.029327080577275,1.0,0.0,0.0,1.8422459893048129,0.028582887700534756,0.8567879733560734,0.29934210977735337,0.004133787301286561,0.0001971480450172507,0.13806105470173868,0.09200522694666088,0.002601509342755231,0.013270437053116068,-0.001684757387917324,0.0009174678772978951,-0.3861341871321201,0.0019000734861037926,-0.0029537836957149177,0.0009311754743976053,-0.489985678344965,0.0013747487946680792,0.0,2632.189544218557
216,918680,42,801,62.419644104724185,61.62685763199923,1.0,0.0,0.0,1.6292134831460674,0.026616729088639202,423,64.20873610575669,61.19892854710736,1.0,0.0,0.0,1.5768321513002364,0.024609929078014185,378,60.5142611236246,62.13171778833233,1.0,0.0,0.0,1.687830687830688,0.028862433862433864,0.8593454348220871,0.25248528520843844,0.0014189692015863311,0.00613000754293698,0.0964667153545198,0.10073938282798701,0.001447263059085703,0.005701823762628974,-0.0025534646903522993,0.0007847820270399097,-0.4206738494336605,0.0021077481247203877,-0.0016569197863389507,0.0008719081568415276,-0.4886926829814911,0.0011383906337186999,0.0,2631.067216007961
217,922898,42,769,60.75936972808859,61.74175918465455,1.0,0.0,0.0,1.742522756827048,0.02433029908972692,379,60.26256083195774,60.992199920170485,1.0,0.0,0.0,1.6728232189973615,0.022849604221635886,390,61.2611716784519,62.44030132642504,1.0,0.0,0.0,1.8102564102564103,0.02576923076923077,0.8426569682386129,0.2635432226104792,0.008916735483524972,0.0019607021587998152,0.14222428895905803,0.10039572539087019,0.00394204808417629,0.0022076175483412494,-0.0008993055383835546,0.000783950966433622,-0.41442712135612964,0.0013296791941002084,-0.0023841379971894006,0.0009382942029333208,-0.4966221697628498,0.0018183587901916098,0.0,2630.109666322972
218,927132,42,786,61.49036056693635,59.25624239184812,1.0,0.0,0.0,1.693384223918575,0.02660305343511451,374,60.37932563371486,61.344689523186666,1.0,0.0,0.0,1.6096256684491979,0.025748663101604275,412,62.45869376561563,57.27544717449609,1.0,0.0,0.0,1.7694174757281553,0.02737864077669903,0.8230567144299077,0.23839710685313387,0.008533000835900665,0.0017881133696971607,0.15561168964512256,0.1059168346933339,0.0005085656395150247,0.0007616387756709063,-0.0008999226276545522,0.0008712522161658853,-0.42354501634836195,0.0020440855639208165,-0.0018057583738196243,0.0010107645735843106,-0.4920049339532852,0.0014944488936180279,0.0,2629.155673536363
219,931362,42,794,59.47545235313789,60.98015866157886,1.0,0.0,0.0,1.663727959697733,0.026057934508816123,419,60.26011149296633,60.63174344402092,1.0,0.0,0.0,1.5465393794749402,0.02398568019093079,375,58.61526452605326,61.37675896241612,1.0,0.0,0.0,1.7946666666666666,0.028373333333333334,0.8305704555404647,0.21046267275002645,0.001969015914762419,0.012019710509900592,0.1505089204518946,0.08915532045432757,0.00215756198421952,0.0044338077676898055,-0.0008180478894156629,0.000866413424955681,-0.44048440679907797,0.0012907604675964689,-0.0007034587456520802,0.0008652435899421107,-0.4960498116910458,0.0006175897861339763,0.0,2628.8049692929144
220,935582,42,779,59.40894428202733,61.23247050361884,1.0,0.0,0.0,1.7086007702182284,0.026777920410783054,387,58.38297348105524,60.74339517160566,1.0,0.0,0.0,1.5529715762273901,0.024341085271317835,392,60.377335089067316,61.73651752946914,1.0,0.0,0.0,1.8622448979591837,0.029183673469387758,0.7682848101158914,0.21303585815545376,0.0031655032095361576,0.0002706004076089226,0.11762321413132387,0.09083102815076047,0.003757317511329896,0.01014449199861614,-0.0007164807083565178,0.0009832726020249539,-0.4390182510018349,0.0009791053776325499,-0.0001475228289227859,0.0009759253800439183,-0.5029011979699135,0.0008228633929604712,0.0,2628.04793245497
221,939798,44,809,58.000412721584134,60.511909570815746,1.0,0.0,0.0,1.6056860321384425,0.025587144622991352,417,57.9177122922887,59.84827935329993,1.0,0.0,0.0,1.5107913669064748,0.02323741007194245,392,58.106474854070356,61.09837348396926,1.0,0.0,0.0,1.7066326530612246,0.028086734693877555,0.7689095336641099,0.20571225957055617,0.0039287385684671485,0.001808003432914354,0.1301612682295834,0.08280264937975207,0.00327515197324647,0.006284520409618313,-0.00020931495126486622,0.0008742756748688407,-0.4442502360790968,0.00148217460587432,-0.000811378384374839,0.0008612369143520482,-0.505455880612135,0.0008093004664715409,0.0,2620.9851665608276
222,944016,44,797,58.96873841250349,61.08825373953592,1.0,0.0,0.0,1.646173149309912,0.025633626097867002,394,58.62124619844771,61.054160745498564,1.0,0.0,0.0,1.5228426395939085,0.02451776649746193,403,59.311044175603215,61.12133407038405,1.0,0.0,0.0,1.7667493796526055,0.02672456575682382,0.7864620257620017,0.2269638088432021,0.0002866327989776995,0.00914366756513167,0.12456003536412713,0.08206307202067314,0.004891984726035426,0.006259543445788643,-0.0013241440439053175,0.000900448094762396,-0.43436300978064535,0.0019686563476170706,-0.0009444223659556883,0.000817237987939734,-0.5011815536767245,0.001395553727297738,0.0,2619.991084837833
223,948240,44,774,61.473480347641264,61.0944980776398,1.0,0.0,0.0,1.7286821705426356,0.024444444444444446,380,61.04850254905149,57.93372988037486,1.0,0.0,0.0,1.668421052631579,0.022684210526315786,394,61.90952527640263,63.95796629595406,1.0,0.0,0.0,1.7868020304568528,0.026142131979695435,0.770508761581155,0.20861839574453578,0.005258387202286943,0.007535303342449862,0.1271393349681935,0.07479803673567643,0.0023019756074982253,0.0007877116017023242,-0.0018304929538630582,0.0009779341438843404,-0.43606569841504095,0.0020366239861004942,-0.0028412355650109357,0.0008584416893427261,-0.5060147885233164,0.0013870484184948851,0.0,2618.829835248073
224,952466,44,804,60.419602121842345,60.02139765541854,1.0,0.0,0.0,1.6281094527363185,0.024962686567164178,382,61.67954683680671,56.24740382141903,1.0,0.0,0.0,1.5261780104712042,0.022591623036649217,422,59.260690709493055,63.382049307599054,1.0,0.0,0.0,1.7203791469194314,0.02710900473933649,0.7489130493697934,0.19801929465931567,0.004476542777874411,0.009657647100681028,0.13519248561957312,0.08523871838235245,0.007549565326626893,0.0033698245714010883,-0.0004623693153158026,0.0008866114338161423,-0.44588628634810445,0.0008809419901666615,-0.0023980334841976923,0.0008431661146460101,-0.5026529755443334,0.0026369858023929994,0.0,2617.546502771227
225,956692,44,809,61.17746286936931,62.42368996336294,1.0,0.0,0.0,1.611866501854141,0.026946847960444994,406,60.962629076806145,62.69191051982184,1.0,0.0,0.0,1.5073891625615763,0.023275862068965515,403,61.395535362322875,62.15546940690404,1.0,0.0,0.0,1.71712158808933,0.030645161290322583,0.7876509715135016,0.1983539661057055,0.0017238523301949566,0.003907822335022073,0.1007739324441066,0.0850584401295886,0.0004320950995494806,0.019184513035551652,-0.0018044628846120348,0.0008998735786008183,-0.4513505432754755,0.0013057520071782847,-0.0013730053412789544,0.0008886668576451485,-0.5047082386910915,0.0009625704747350028,0.0,2617.028277326563
226,960906,44,800,61.81857796105184,62.16094573102361,1.0,0.0,0.0,1.63375,0.025462500000000002,417,62.31344928802542,62.39356613106385,1.0,0.0,0.0,1.5707434052757794,0.021486810551558756,383,61.30109829934344,61.89705914818226,1.0,0.0,0.0,1.7023498694516972,0.029791122715404697,0.796306942635559,0.19033439905372757,0.0030825158072363967,0.003495281367420119,0.14676797912377004,0.10198601786370906,0.0022168079121753265,0.006664788865833182,-0.0015277113667889087,0.0008305296818434726,-0.4546535603702068,0.0010439204576641714,-0.0024843322927141863,0.0008876345527824014,-0.49498806409537793,0.0014806120540043822,0.0,2616.696632132909
227,965124,44,784,60.96678294233558,60.11441123381204,1.0,0.0,0.0,1.6900510204081634,0.02531887755102041,411,59.84793595521044,61.73626647097463,1.0,0.0,0.0,1.6472019464720196,0.02399026763990268,373,62.30679735714827,58.46028027053676,1.0,0.0,0.0,1.737265415549598,0.026782841823056302,0.7413609786430734,0.21627620979438422,0.0019959042927577774,0.006269332107651391,0.1332350887692219,0.09790140901487962,0.002188701386644882,0.0002769901407076723,-0.002434140999116757,0.0009373587730806321,-0.44204077683389187,0.0019470817509642303,-0.003955117317334162,0.0008546007789846044,-0.5010224342346191,0.0026275186513885274,0.0,2615.5456394000453
228,969360,44,772,59.525312394049365,62.36990711295414,1.0,0.0,0.0,1.7435233160621761,0.025077720207253885,382,60.30526817286507,60.47136265943517,1.0,0.0,0.0,1.675392670157068,0.022643979057591624,390,58.725254662171395,64.14252769965806,1.0,0.0,0.0,1.8102564102564103,0.02746153846153846,0.7548683540515728,0.20878907694167773,0.001736039641754074,0.009168082086584983,0.1277393789871752,0.0934729285800816,0.0012358416198934802,0.013949699634733172,-0.001401703130191323,0.0009040160904987716,-0.44554341956973076,0.002059464415833645,-0.0014659839026154031,0.0010087955866765696,-0.5013510592281818,0.0008909324584777778,0.0,2614.8779255274717
229,973592,44,806,61.08575451668902,61.701730403566714,1.0,0.0,0.0,1.6253101736972704,0.024168734491315142,397,61.80519212401272,61.761061138509,1.0,0.0,0.0,1.5289672544080604,0.022015113350125945,409,60.394669130343615,61.643551721730105,1.0,0.0,0.0,1.7188264058679708,0.02625916870415648,0.741663516019319,0.1756527319881325,0.0005835232664139598,0.004776202814142393,0.10866351795844373,0.08316992023250074,0.004454546205873229,0.00045590850646926154,-0.001125951602942188,0.000716405992716318,-0.4667935371398926,0.001081526564576052,-0.0008479291877922623,0.0008136633521644398,-0.5106398198753596,0.0009098151009197863,0.0,2613.8935938280642
230,977824,44,790,62.17641329640959,58.7340781265335,1.0,0.0,0.0,1.678481012658228,0.02348101265822785,400,61.98659046928637,59.163955051661205,1.0,0.0,0.0,1.645,0.021500000000000005,390,62.373944664735795,58.299746518243836,1.0,0.0,0.0,1.7128205128205127,0.02551282051282051,0.7616448158985512,0.18193977285483234,0.005056273786504621,0.005966894395312939,0.14773624952268638,0.08454194978949403,0.005592466514523388,0.00557083290170789,-0.001878707781033695,0.0008634924291982315,-0.46360271275043485,0.0023641265854394077,-0.003244324846058738,0.000690349648357369,-0.49918090626597406,0.003014958368370202,0.0,2613.220080537613
231,982040,46,779,58.28041335751861,59.550186549658754,1.0,0.0,0.0,1.706033376123235,0.02582798459563543,404,59.32205983352783,58.237205228522974,1.0,0.0,0.0,1.5643564356435644,0.02368811881188119,375,57.08164702199961,60.87656563937754,1.0,0.0,0.0,1.8586666666666667,0.028133333333333337,0.7869675269504147,0.19817051709751032,0.0009776782853428586,0.011260787432575485,0.15777226327620542,0.0975568506642723,0.0032084761097704497,0.003394272216368295,-0.0008822545551768924,0.0008922943197831046,-0.4486543949693441,0.001630909108121159,-0.002523193777584587,0.0009275180353142786,-0.4930244907736778,0.0014761923934258903,0.0,2597.0715685688083
232,986246,46,780,60.99499710321974,60.54868054529435,1.0,0.0,0.0,1.6961538461538461,0.024051282051282052,394,61.194495690904226,60.03356058517741,1.0,0.0,0.0,1.634517766497462,0.0217005076142132,386,60.78283193853942,61.053341216881,1.0,0.0,0.0,1.7590673575129534,0.02645077720207254,0.7681135950146807,0.1866786881982345,0.0028463698561071965,0.005182495247524143,0.19118537799506985,0.10467574101488554,0.0018144326818294932,0.013230936505557199,-0.001037741988534746,0.0008177723590051756,-0.4607232604175806,0.0018491054072910628,-0.0008875790048179941,0.0008901613255147822,-0.4931288242340088,0.0005282194455730859,0.0,2578.5506975234557
233,990456,46,783,59.93953283801193,62.46557741608823,1.0,0.0,0.0,1.6883780332056195,0.02532567049808429,377,59.29431280738328,59.72438124883667,1.0,0.0,0.0,1.6047745358090186,0.023713527851458888,406,60.547706742480074,64.9702236602775,1.0,0.0,0.0,1.7660098522167487,0.026822660098522168,0.7639964756483684,0.1664877071435833,0.003308050907095958,0.006328531146984708,0.18634730357758414,0.10626496572907476,0.0016212074530664153,0.009587921626604658,-0.0026918422634190976,0.0008693841271451674,-0.4670897856354713,0.0019144064784939018,-0.0015794811615330584,0.0009540635299345012,-0.48864232264459134,0.002008957717555404,0.0,2561.782023535731
234,994670,46,779,59.86929191125592,61.894108514698466,1.0,0.0,0.0,1.7047496790757382,0.023940949935815147,377,58.20463453113381,63.09648362024945,1.0,0.0,0.0,1.6525198938992043,0.02209549071618037,402,61.44239313547132,60.77506633725499,1.0,0.0,0.0,1.7537313432835822,0.025671641791044777,0.7289008177491334,0.19300839293237487,0.0045155727288615985,0.008328239760598335,0.21668974133318894,0.11514289581631237,0.010969388995074738,0.003307055910091934,-0.0019273347459616507,0.0007535306263889652,-0.45341183468699453,0.002143096512008924,-0.0017322767382918548,0.0008827246674627531,-0.4969663456082344,0.0015668146289726792,0.0,2545.3221027882423
235,998898,46,799,61.586609417246635,59.338450612425994,1.0,0.0,0.0,1.6458072590738424,0.025056320400500626,395,62.36486839556406,60.607905674310125,1.0,0.0,0.0,1.5139240506329115,0.023088607594936708,404,60.848923181874646,58.0558405758073,1.0,0.0,0.0,1.7747524752475248,0.026980198019801976,0.7574726014044605,0.16349587096005985,0.0005628037135728565,0.0011303797221902726,0.1656563765508131,0.10620572555915743,0.0027904688228876226,0.004875780287317354,-0.0013209375110338594,0.0008837484310788568,-0.47173093222081663,0.0018336479020831576,-0.0013970940391912156,0.0006603067238756921,-0.5021485399454833,0.001907535528880544,0.0,2528.0466785790513
236,1003130,46,794,60.78257257642816,58.89382840316845,1.0,0.0,0.0,1.6649874055415617,0.025163727959697738,408,60.9018566709112,59.63495195570666,1.0,0.0,0.0,1.5661764705882353,0.02267156862745098,386,60.65648990661188,58.11046464815396,1.0,0.0,0.0,1.7694300518134716,0.027797927461139897,0.7358668572343422,0.1737704038830931,0.0024876093003889837,0.007633918346085994,0.10769240588654948,0.08346131068427541,0.0026305431633670915,0.0020511118730053893,-0.0009827491361381613,0.0008373649478016886,-0.46136316992342474,0.002680947657790966,-0.00037246953445480154,0.0007579689103295095,-0.506550682336092,0.000805153118585622,0.0,2512.9707495105213
