update,global_step,pool_size,episodes,reward_agent_0,reward_agent_1,agreement_rate,disagreement_rate,timeout_rate,rounds_to_agreement,gini,episodes_vs_self,reward_agent_0_vs_self,reward_agent_1_vs_self,agreement_rate_vs_self,disagreement_rate_vs_self,timeout_rate_vs_self,rounds_to_agreement_vs_self,gini_vs_self,episodes_vs_past,reward_agent_0_vs_past,reward_agent_1_vs_past,agreement_rate_vs_past,disagreement_rate_vs_past,timeout_rate_vs_past,rounds_to_agreement_vs_past,gini_vs_past,policy_loss_agent_0,value_loss_agent_0,entropy_agent_0,approx_kl_agent_0,policy_loss_agent_1,value_loss_agent_1,entropy_agent_1,approx_kl_agent_1,ent_coef,sps
1,4150,0,1389,59.07944856291191,59.46913189766916,1.0,0.0,0.0,1.9877609791216702,0.20377969762419013,1389,59.07944856291191,59.46913189766916,1.0,0.0,0.0,1.9877609791216702,0.20377969762419013,0,nan,nan,nan,nan,nan,nan,nan,-0.0396845979290847,0.04689193400554359,0.37080592662096024,0.010690280426865683,-0.027823883803112005,0.08806573315523565,0.37422337718307974,0.012147486687968011,0.02,6017.076582872049
2,8328,0,1421,59.55169392132877,62.56941210309937,1.0,0.0,0.0,1.94018296973962,0.19472906403940884,1421,59.55169392132877,62.56941210309937,1.0,0.0,0.0,1.94018296973962,0.19472906403940884,0,nan,nan,nan,nan,nan,nan,nan,-0.06359354836948683,0.03437685824465007,0.31878247410058974,0.017194444320717466,-0.05967986030413874,0.03589152954518795,0.32113228626549245,0.017019824435337623,0.019834,5817.112975531769
3,12491,0,1342,60.75155221478653,59.454424250340466,1.0,0.0,0.0,2.102086438152012,0.1930402384500745,1342,60.75155221478653,59.454424250340466,1.0,0.0,0.0,2.102086438152012,0.1930402384500745,0,nan,nan,nan,nan,nan,nan,nan,-0.061132347510652975,0.03356379112228751,0.2274252338334918,0.018705960572492585,-0.06067229101322412,0.03469338323920965,0.23811777755618097,0.018349355848351935,0.01966688,5696.188355980818
4,16681,0,1205,59.36362221592528,57.259731697225355,1.0,0.0,0.0,2.4771784232365146,0.16478838174273858,1205,59.36362221592528,57.259731697225355,1.0,0.0,0.0,2.4771784232365146,0.16478838174273858,0,nan,nan,nan,nan,nan,nan,nan,-0.04601381723114173,0.022355567943304778,0.11462076832540333,0.015950824874573756,-0.049763730307503674,0.026010118401609363,0.12703396044671536,0.016792321536473764,0.01950036,5519.008682801918
5,20869,0,1092,56.66256107200918,57.63221540185502,1.0,0.0,0.0,2.8351648351648353,0.1537820512820513,1092,56.66256107200918,57.63221540185502,1.0,0.0,0.0,2.8351648351648353,0.1537820512820513,0,nan,nan,nan,nan,nan,nan,nan,-0.03216595685225911,0.019258532871026544,-0.0071315418754238635,0.010382581442240735,-0.04297560837170108,0.02290488223079592,-0.008078996969561558,0.01584396143799547,0.01933276,5542.076161107385
6,25067,0,921,54.90846896227765,53.82742914797188,0.997828447339848,0.002171552660152009,0.0,3.5223068552774754,0.1405223068552775,921,54.90846896227765,53.82742914797188,0.997828447339848,0.002171552660152009,0.0,3.5223068552774754,0.1405223068552775,0,nan,nan,nan,nan,nan,nan,nan,-0.021073315229558805,0.017426084133330733,-0.10305546999443323,0.00806006375163264,-0.023229445111404807,0.017485869163647295,-0.1105845857411623,0.008944298434983011,0.01916524,5621.357330653182
7,29295,0,825,55.17345048478219,56.17425364290932,0.9951515151515151,0.0048484848484848485,0.0,4.047503045066992,0.1164433617539586,825,55.17345048478219,56.17425364290932,0.9951515151515151,0.0048484848484848485,0.0,4.047503045066992,0.1164433617539586,0,nan,nan,nan,nan,nan,nan,nan,-0.012457038385079588,0.013321945304051041,-0.17643766971305014,0.003363307538506888,-0.01189692837186047,0.013873199140653015,-0.1738615244626999,0.0037718914524361934,0.01899732,5565.538257054278
8,33487,0,774,51.748004651706296,52.577138403600514,0.9935400516795866,0.006459948320413436,0.0,4.314694408322497,0.1071001300390117,774,51.748004651706296,52.577138403600514,0.9935400516795866,0.006459948320413436,0.0,4.314694408322497,0.1071001300390117,0,nan,nan,nan,nan,nan,nan,nan,-0.01164171764915527,0.012399010395165532,-0.18407464101910592,0.007396159181567441,-0.013280610017066808,0.012164791626855732,-0.2248614987358451,0.004267642741112354,0.0188282,5646.651771096309
9,37705,0,816,53.410029924288,52.95230500005343,0.9987745098039216,0.0012254901960784314,0.0,4.149693251533742,0.09900613496932516,816,53.410029924288,52.95230500005343,0.9987745098039216,0.0012254901960784314,0.0,4.149693251533742,0.09900613496932516,0,nan,nan,nan,nan,nan,nan,nan,-0.007864713679171426,0.009739234065636992,-0.23973669689148663,0.0019808075762284714,-0.006610612886076217,0.009790211345534771,-0.25590474866330626,0.0030704511042443984,0.01866052,5648.525354018108
10,41941,0,845,54.84588979625282,55.0407168184577,0.9988165680473373,0.001183431952662722,0.0,3.994075829383886,0.08880331753554505,845,54.84588979625282,55.0407168184577,0.9988165680473373,0.001183431952662722,0.0,3.994075829383886,0.08880331753554505,0,nan,nan,nan,nan,nan,nan,nan,-0.010704854773850858,0.008261664665769785,-0.29036396872252224,0.0031571546647057858,-0.006978150620847323,0.00793963820906356,-0.29134930297732353,0.0018416028188767085,0.0184918,5572.397263694215
11,46168,2,793,52.51646582947044,52.24770620044026,0.9974779319041615,0.0025220680958385876,0.0,4.290771175726928,0.08437420986093554,366,51.799330944633226,50.69903321581549,0.994535519125683,0.00546448087431694,0.0,4.313186813186813,0.08027472527472528,427,53.222735034234375,53.40413886581509,1.0,0.0,0.0,4.2716627634660425,0.08786885245901638,-0.012422492609090629,0.008828693529358134,-0.3109425224363804,0.00614019333397664,-0.007937916481883401,0.007074259122600779,-0.31847690157592295,0.0046316471353407,0.01832236,5219.9028678858185
12,50417,2,826,52.3561598096143,54.552470211238486,0.9987893462469734,0.0012106537530266344,0.0,4.124848484848485,0.07905454545454545,426,53.290057938046544,54.883217065438295,1.0,0.0,0.0,3.988262910798122,0.07727699530516433,400,51.45446506492108,54.16631906166509,0.9975,0.0025,0.0,4.2706766917293235,0.08095238095238094,-0.00687744452934016,0.007433292118366808,-0.30981023497879506,0.004605129534934349,-0.011907990947843223,0.007491646136622876,-0.36312717013061047,0.00350607027201022,0.01815328,5235.048764943332
13,54626,2,893,56.46717134368941,53.7836158168316,1.0,0.0,0.0,3.7133258678611423,0.07807390817469206,466,56.10450062094592,55.728574838645606,1.0,0.0,0.0,3.5429184549356223,0.07457081545064377,427,56.88589117812961,51.791677108500345,1.0,0.0,0.0,3.899297423887588,0.08189695550351289,-0.008441272541913536,0.006058550294255838,-0.33345184214413165,0.0064933371866573,-0.010562145572907166,0.006265091750537977,-0.40925518833100794,0.003991161908243157,0.01798332,5239.577687725327
14,58834,2,931,57.06760368146591,55.75574822516653,1.0,0.0,0.0,3.5198711063372716,0.07269602577873255,470,57.479036533208436,54.83083052695,1.0,0.0,0.0,3.3553191489361702,0.0691276595744681,461,56.66637164422941,56.74401645065815,1.0,0.0,0.0,3.6876355748373104,0.07633405639913234,-0.008212507843018102,0.006947221199516207,-0.3763759423047304,0.001719089077110425,-0.01022668555281594,0.005385951226344332,-0.42809795327484607,0.007726541136776177,0.01781496,5246.479408219967
15,63037,2,940,54.91310246106513,57.48783351610321,1.0,0.0,0.0,3.4712765957446807,0.06958510638297874,448,55.74619234411653,56.2736468770255,1.0,0.0,0.0,3.3080357142857144,0.06810267857142857,492,54.09051371099337,58.50602939847941,1.0,0.0,0.0,3.619918699186992,0.07093495934959351,-0.007162665906558496,0.005911523208487779,-0.4001788295805454,0.003147831804676571,-0.008967350258869267,0.006249638699227944,-0.4664308484643698,0.0032239033303085307,0.01764664,5192.248024473501
16,67246,2,918,55.20852803706553,56.02237458025522,1.0,0.0,0.0,3.584967320261438,0.0697930283224401,489,53.31286451472444,55.956748968091595,1.0,0.0,0.0,3.374233128834356,0.06533742331288345,429,57.74890961015207,56.08602010929321,1.0,0.0,0.0,3.825174825174825,0.07487179487179486,-0.014309247113118628,0.005621835781494155,-0.44012412466108797,0.00906456875868571,-0.006141565047319575,0.006081239331979305,-0.5035169363021851,0.001406863993179286,0.01747852,5150.2075125021875
17,71454,2,948,55.52224614818113,56.68344249020665,0.9968354430379747,0.0031645569620253164,0.0,3.386243386243386,0.06850793650793652,463,55.93644701235243,56.07998437391124,0.9978401727861771,0.0021598272138228943,0.0,3.2164502164502164,0.06482683982683983,485,55.159419034604745,57.313484664488655,0.9958762886597938,0.004123711340206186,0.0,3.548654244306418,0.07202898550724639,-0.01006602249883841,0.005918653670232743,-0.486739169806242,0.002700709667016099,-0.011790085656214217,0.007874760549748316,-0.5053377959877252,0.009506414216298253,0.01731016,5162.384898995985
18,75656,2,986,57.70763684140143,56.4325349768044,1.0,0.0,0.0,3.261663286004057,0.06920892494929007,467,57.04278482268964,58.21957235664333,1.0,0.0,0.0,2.8779443254817987,0.0622269807280514,519,58.23951845637087,54.63114388307117,1.0,0.0,0.0,3.606936416184971,0.0754913294797688,-0.007360029532023848,0.006638824014225974,-0.5135722566395998,0.0017981223065362429,-0.0061609970382762395,0.004332537896698341,-0.5365625862032175,0.001706475914704697,0.01714184,5095.923438456567
19,79836,2,939,56.38740133834939,55.044702775541985,0.9989350372736954,0.0010649627263045794,0.0,3.433901918976546,0.06565031982942432,473,58.405594992033755,54.93010511554378,1.0,0.0,0.0,3.211416490486258,0.06010570824524314,466,54.18084294365449,55.1526433100631,0.9978540772532188,0.002145922746781116,0.0,3.660215053763441,0.07129032258064517,-0.008127113528923768,0.005849547011894174,-0.5279168624430894,0.0046275935092779715,-0.006040317268784989,0.005503465604851954,-0.5668615736067295,0.0019425956210199046,0.01697376,5099.509782524606
20,84031,2,1004,56.21251483400676,56.95696865144813,1.0,0.0,0.0,3.1782868525896415,0.0626593625498008,500,55.850857784892504,59.1758910861315,1.0,0.0,0.0,2.848,0.05514000000000001,504,56.59027806749454,54.86755530828325,1.0,0.0,0.0,3.505952380952381,0.07011904761904762,-0.009286796677442722,0.004863315727561712,-0.56250886246562,0.006993815058103791,-0.0051768605248528445,0.00451062461361289,-0.5969258248806,0.001476594694463529,0.01680656,5097.497129483274
21,88233,4,1060,57.528783534641384,57.08688650028176,1.0,0.0,0.0,2.9641509433962265,0.06116981132075472,502,58.72080020714882,55.868541412109884,1.0,0.0,0.0,2.731075697211155,0.053247011952191246,558,56.5124324770298,58.24275235316277,1.0,0.0,0.0,3.173835125448029,0.06829749103942652,-0.004423995331161712,0.00477496289240662,-0.558102372288704,0.0014832511484655698,-0.005771560314266222,0.0039647358615184205,-0.6108011290431022,0.0013950361715615144,0.016638760000000002,4930.093510283068
22,92412,4,1056,56.32500968625488,57.45901483801716,1.0,0.0,0.0,2.9573863636363638,0.0616003787878788,523,56.49355885968575,57.90322168942892,1.0,0.0,0.0,2.7093690248565965,0.058833652007648195,533,56.16833017292479,56.99696835401858,1.0,0.0,0.0,3.200750469043152,0.06431519699812382,-0.008988965020454065,0.004360735716181808,-0.5936960972845554,0.001630430850551079,-0.006768442653288654,0.004246010596398264,-0.6486769497394562,0.0014055480371609973,0.01647068,4925.728213870562
23,96587,4,1086,59.40483621550018,57.96215493729375,1.0,0.0,0.0,2.8443830570902393,0.05507366482504604,537,57.96704262857739,56.15648520504473,1.0,0.0,0.0,2.6573556797020483,0.04983240223463688,549,60.6856875446955,59.897287782420996,1.0,0.0,0.0,3.0273224043715845,0.06020036429872495,-0.0065070092285361095,0.0042206094542052595,-0.6166171483695507,0.0023060757543902502,-0.0031281181124793054,0.003713866043835878,-0.6660082258284092,0.0011429103076153525,0.016303520000000002,4897.678345378658
24,100810,4,1124,58.45764815347779,55.71195471023157,0.9991103202846975,0.0008896797153024911,0.0,2.7417631344612645,0.05497773820124666,556,58.71459688752197,55.684300961184995,1.0,0.0,0.0,2.5341726618705036,0.05079136690647482,568,58.19803213153694,55.73812169857673,0.9982394366197183,0.0017605633802816902,0.0,2.945326278659612,0.059082892416225746,-0.008640578562780428,0.00404785676219035,-0.6509222969412803,0.0038051995067689857,-0.004767424245957131,0.004183958264184185,-0.6821743912994862,0.0008963357064658339,0.01613652,4875.126797600724
25,105001,4,1081,58.102243318570885,57.18070528242044,0.9990749306197965,0.0009250693802035153,0.0,2.861111111111111,0.056546296296296296,534,58.17915703811361,57.18040512322995,1.0,0.0,0.0,2.730337078651685,0.050955056179775284,547,58.03018730763085,57.18101116983976,0.9981718464351006,0.0018281535648994515,0.0,2.989010989010989,0.06201465201465201,-0.006332672662779626,0.003953278696280904,-0.6779173463582993,0.0014385585537354472,-0.005528144191553485,0.004144419453223236,-0.7131675854325294,0.0011363168462821705,0.0159676,4850.970157475021
26,109195,4,1110,57.215830976268194,57.66670084342428,0.9990990990990991,0.0009009009009009009,0.0,2.762849413886384,0.05357980162308386,539,56.987733039546214,56.653119801097034,1.0,0.0,0.0,2.6437847866419295,0.04831168831168832,571,57.452193330987335,58.53597543226764,0.9982486865148862,0.0017513134851138354,0.0,2.875438596491228,0.05856140350877192,-0.006906113570918615,0.0038116583484224973,-0.707692101597786,0.0017224235443336511,-0.004564798076434601,0.0040830462996382265,-0.730149681866169,0.001939967108609153,0.015799960000000002,4765.743311568798
27,113383,4,1090,57.989504087434895,57.13954806219471,0.9990825688073395,0.0009174311926605505,0.0,2.8264462809917354,0.051019283746556475,544,57.18435733278164,56.80605785206175,1.0,0.0,0.0,2.693014705882353,0.04612132352941176,546,58.81507123079314,57.46192193198992,0.9981684981684982,0.0018315018315018315,0.0,2.9596330275229357,0.05590825688073395,-0.004974513713334461,0.004194361958070658,-0.7266627795994282,0.003511857212394176,-0.01011676013325391,0.0032789154327474536,-0.74349872097373,0.006357816506101699,0.0156322,4740.638043857226
28,117561,4,1200,58.7835892443981,58.012164393459415,1.0,0.0,0.0,2.4816666666666665,0.05265,615,59.35915821227327,57.97659753312113,1.0,0.0,0.0,2.28130081300813,0.04816260162601626,585,58.19426948206856,58.05053275307091,1.0,0.0,0.0,2.6923076923076925,0.05736752136752137,-0.004085819950830742,0.0034402545454213394,-0.7390666298568249,0.0021144244693459767,-0.00552412023388551,0.00304296484682709,-0.7618234321475029,0.0022415696045271715,0.015464680000000001,4709.887820942439
29,121759,4,1119,58.521609050709614,55.48840046053527,1.0,0.0,0.0,2.7515638963360143,0.0520017873100983,571,56.43013638110173,52.886622415113,1.0,0.0,0.0,2.509632224168126,0.04688266199649738,548,60.548173947812415,58.41287965887811,1.0,0.0,0.0,3.0036496350364965,0.057335766423357665,-0.006026972171049294,0.0033704815752571447,-0.7489495776593685,0.0031227847132081266,-0.005926183398577178,0.0032806342875119298,-0.7786781162023544,0.00430065232767447,0.01529756,4699.539612355678
30,125948,4,1154,58.76707962390302,58.1145737548825,1.0,0.0,0.0,2.6299826689774695,0.0512738301559792,585,58.64825549647301,57.472105164346296,1.0,0.0,0.0,2.5247863247863247,0.04687179487179487,569,58.89144035942115,58.76368857221738,1.0,0.0,0.0,2.7381370826010545,0.05579964850615115,-0.004148909177698989,0.0033856646565254777,-0.7639552325010299,0.00293187540845139,-0.0053413454080799335,0.0034793934726621957,-0.7903896167874336,0.002248648371232775,0.01512964,4675.683031146877
31,130136,6,1201,59.063796266702845,59.68757011202926,1.0,0.0,0.0,2.4870940882597834,0.050666111573688596,577,57.546660296747234,58.68203249778654,1.0,0.0,0.0,2.4107452339688042,0.0482842287694974,624,60.378647440664366,60.67683689109006,1.0,0.0,0.0,2.5576923076923075,0.05286858974358976,-0.004433362818947883,0.0032701948017347603,-0.760378772765398,0.0020691812973044677,-0.0035720521945070915,0.0037978452717652546,-0.8076062321662902,0.0006990105376743827,0.014962079999999999,4560.434344623376
32,134308,6,1208,58.4596424865557,59.05284540499959,1.0,0.0,0.0,2.4536423841059603,0.04743377483443709,617,58.08068874553036,57.00852602679346,1.0,0.0,0.0,2.2528363047001623,0.04528363047001621,591,58.85880709376908,61.16741630822999,1.0,0.0,0.0,2.6632825719120135,0.04967851099830795,-0.011307410268985208,0.002959399332758039,-0.7955123916268348,0.004993528299382888,-0.006313239300011752,0.0026925178492092526,-0.8241676054894924,0.004048652320489054,0.01479456,4548.90758300031
33,138474,6,1185,57.42785765512149,60.61662683501382,1.0,0.0,0.0,2.5156118143459913,0.04909704641350211,586,57.19999030375103,60.616626231865126,1.0,0.0,0.0,2.4880546075085324,0.048156996587030716,599,57.6605222138892,60.61662740166628,1.0,0.0,0.0,2.5425709515859767,0.05001669449081803,-0.003205050079914451,0.0030935955641325564,-0.8020798526704311,0.0008504609144665664,-0.005060365485178647,0.0035000241216039283,-0.836649414896965,0.001940896570613404,0.01462768,4527.859769684772
34,142656,6,1185,58.653914363951785,58.14952373720976,1.0,0.0,0.0,2.529113924050633,0.04589029535864979,613,58.541830646223,58.1818238281146,1.0,0.0,0.0,2.3882544861337682,0.04169657422512235,572,58.77179551535619,58.11424562373923,1.0,0.0,0.0,2.68006993006993,0.05038461538461538,-0.007497668518032264,0.002963733155047521,-0.8197087131440639,0.0039376671096761125,-0.004274769860063749,0.003026709411642514,-0.8542935326695442,0.0020703245116692414,0.01446104,4519.081118856243
35,146839,6,1194,58.47124624071806,57.87581147693053,1.0,0.0,0.0,2.503350083752094,0.04773869346733669,586,57.20524106804932,56.99861278162414,1.0,0.0,0.0,2.453924914675768,0.04392491467576792,608,59.71234639359659,58.7066894490524,1.0,0.0,0.0,2.5509868421052633,0.05141447368421053,-0.0034606002007287915,0.003085570817347616,-0.8265174679458142,0.0010427037616864254,-0.004542814838805498,0.0029069336524116807,-0.8592396914958954,0.0027028746396609905,0.014293759999999999,4492.995274613161
36,151024,6,1287,58.36717791038378,59.371940800880246,1.0,0.0,0.0,2.2517482517482517,0.04827505827505828,635,56.693707685675705,58.95789347615664,1.0,0.0,0.0,2.0645669291338584,0.044488188976377956,652,59.98330180340404,59.7784827360318,1.0,0.0,0.0,2.434049079754601,0.05196319018404908,-0.004237547628088539,0.002871583103842568,-0.8495437063276767,0.0014268939513442547,-0.00810630844839555,0.002829376931185834,-0.87269307076931,0.003505904971052587,0.01412644,4473.205192257826
37,155213,6,1214,58.57324467386843,59.05562568191623,1.0,0.0,0.0,2.4505766062602965,0.04654859967051071,609,59.197786559268614,57.91098130244059,1.0,0.0,0.0,2.3908045977011496,0.041543513957307064,605,58.01704171817768,60.36616055117096,1.0,0.0,0.0,2.5107438016528927,0.051586776859504135,-0.004172951445580919,0.0023815586158889347,-0.869880174100399,0.0016571785097994507,-0.002576332697819472,0.003112032628268935,-0.8724049620330334,0.0013295461032612366,0.01395904,4463.509164636272
38,159389,6,1230,58.33485748341225,59.99688180716152,1.0,0.0,0.0,2.395121951219512,0.04723577235772358,583,59.93767559143847,60.14028171986973,1.0,0.0,0.0,2.130360205831904,0.04363636363636363,647,56.92725440136359,59.86461143991723,1.0,0.0,0.0,2.633693972179289,0.0504791344667697,-0.005854135431106744,0.0026174480401095932,-0.8835083603858948,0.003350405388925992,-0.006395322004102466,0.0030180387198925017,-0.8977215148508548,0.0032581503697656443,0.013791480000000002,4457.957524120383
39,163574,6,1253,60.378564795980814,59.407398252522725,1.0,0.0,0.0,2.3399840383080606,0.04574620909816441,628,61.26942713374432,60.2865225392465,1.0,0.0,0.0,2.1878980891719744,0.04085987261146497,625,59.476019017722045,58.53102122919496,1.0,0.0,0.0,2.4928,0.050656,-0.0028882430482770395,0.002461953215242829,-0.8966195061802864,0.0007311128145374823,-0.003763185701897479,0.0026600002282066272,-0.908949626982212,0.0015542177269480817,0.01362444,4447.842180017123
40,167759,6,1208,58.575385715385785,57.63865253976646,1.0,0.0,0.0,2.464403973509934,0.04722682119205298,580,58.372076759136405,57.268018895309936,1.0,0.0,0.0,2.2155172413793105,0.04343103448275863,628,58.75624731053508,57.99379345953507,1.0,0.0,0.0,2.694267515923567,0.05073248407643312,-0.0032340929851439075,0.0026224599190754817,-0.9140826612710953,0.0009766989955551253,-0.003942373379725872,0.0027288881130516527,-0.9260303243994713,0.0009726144257911074,0.01345704,4429.267005426277
41,171932,8,1264,59.04768863596649,59.89012664676939,1.0,0.0,0.0,2.3014240506329116,0.043172468354430386,648,58.33212246074534,59.60329658143718,1.0,0.0,0.0,2.265432098765432,0.04084876543209876,616,59.81017718333329,60.18802411012084,1.0,0.0,0.0,2.3392857142857144,0.04561688311688312,-0.003001563537573704,0.0023919295475934633,-0.9270465120673179,0.0008133737807156649,-0.005318982825631147,0.0025897806757711806,-0.9290985256433487,0.00283926852329639,0.013289640000000002,4357.7350051308
42,176100,8,1244,59.179610280117785,60.63193473920649,1.0,0.0,0.0,2.35048231511254,0.045972668810289385,619,57.72168852094734,62.05728999718819,1.0,0.0,0.0,2.274636510500808,0.042100161550888526,625,60.61749187765013,59.21511454264982,1.0,0.0,0.0,2.4256,0.049808000000000005,-0.004897020869672519,0.0028877372678834945,-0.9331204257905483,0.0013591104989473025,-0.004436800384806983,0.002394494913460221,-0.9501005873084069,0.0019304105621813505,0.013122720000000001,4350.664023868706
43,180272,8,1234,57.436209183415535,57.356041550526896,1.0,0.0,0.0,2.380875202593193,0.042163695299837926,656,55.47149167237928,57.95404474467747,1.0,0.0,0.0,2.3003048780487805,0.03861280487804878,578,59.75052055762553,56.70166095086718,1.0,0.0,0.0,2.472318339100346,0.046193771626297585,-0.005118385454380881,0.002341532113496214,-0.9547460623085499,0.0025444537737996597,-0.004882563721342953,0.002198144095018506,-0.9548541679978371,0.002677428817904115,0.012955999999999999,4343.862737177863
44,184444,8,1265,58.88732768579087,59.072683187473274,1.0,0.0,0.0,2.29802371541502,0.04319367588932806,638,57.89296699415959,59.776276295063724,1.0,0.0,0.0,2.2633228840125392,0.04054858934169279,627,59.93729407399365,58.38215992089069,1.0,0.0,0.0,2.3333333333333335,0.045885167464114834,-0.0014037937144785906,0.0023330564406933265,-0.96354790776968,0.0018464148356358123,-0.0036947263827532494,0.0025519240443827584,-0.9720949180424213,0.0011488704730709288,0.012789120000000001,4326.618938396403
45,188615,8,1279,58.8709481845664,60.575670380740874,1.0,0.0,0.0,2.261141516810008,0.04124315871774824,655,59.667819595677074,60.09442168073242,1.0,0.0,0.0,2.170992366412214,0.03778625954198473,624,58.07407677345574,61.10681443091744,1.0,0.0,0.0,2.355769230769231,0.04487179487179487,-0.001917608061376086,0.0018178670303313992,-0.9712517142295838,0.0005962109388349291,-0.002595997676198758,0.0021978275835863315,-0.984099555015564,0.0006395673522320066,0.01262224,4320.8157864442965
46,192789,8,1273,56.926578008718096,61.13494334318706,1.0,0.0,0.0,2.278868813825609,0.042042419481539674,640,56.66299010501422,61.528303408703934,1.0,0.0,0.0,2.1828125,0.0379375,633,57.20867877522393,60.75807142412896,1.0,0.0,0.0,2.375987361769352,0.04619273301737757,-0.0017963450460229068,0.0021276357016176916,-0.9927856907248497,0.0011311068445280625,-0.004839137484503697,0.0024715015300898814,-0.9891041234135628,0.002169050816355167,0.0124554,4307.12629451711
47,196964,8,1303,58.9366698381564,57.19285239314333,1.0,0.0,0.0,2.2041442824251725,0.039769762087490404,656,57.68859363440202,56.4188276887019,1.0,0.0,0.0,2.1402439024390243,0.03657012195121952,647,60.29568614891119,57.922580503053474,1.0,0.0,0.0,2.2689335394126737,0.043013910355486865,-0.0018953405414251945,0.0020766943038324826,-0.9848135843873024,0.0008410523988459318,-0.002960053450012423,0.0018613897293107585,-1.0088577732443809,0.0023031696505427133,0.012288440000000001,4300.036622543981
48,201142,8,1295,59.093665685783556,59.392664842885544,1.0,0.0,0.0,2.2262548262548263,0.04061003861003861,632,58.32303581328206,58.58296876889459,1.0,0.0,0.0,2.0759493670886076,0.038670886075949366,663,59.82610107480827,60.166936713639394,1.0,0.0,0.0,2.369532428355958,0.04245852187028657,-0.004261245814201109,0.0019868803457939064,-0.996495908498764,0.0017391624558326768,-0.004179689372222367,0.002081465641094837,-1.001877462118864,0.003411743866172401,0.01212144,4278.266842582999
49,205318,8,1322,58.68738764550531,59.40574492622626,1.0,0.0,0.0,2.158850226928896,0.04108169440242058,694,59.16347696785005,59.047445362916456,1.0,0.0,0.0,1.9351585014409223,0.038256484149855906,628,58.18696148879152,59.820917436093175,1.0,0.0,0.0,2.406050955414013,0.044203821656050954,-0.001837654948233025,0.0017980645847273991,-1.0201597675681113,0.0007974962373282323,-0.005315713112933435,0.002143491807510145,-1.025660763680935,0.0030187658105205626,0.011954320000000001,4264.32178436228
50,209494,8,1329,60.184742435267026,59.89672091779726,0.999247554552295,0.0007524454477050414,0.0,2.128765060240964,0.04,642,58.010423712878,57.603623382092906,1.0,0.0,0.0,2.0623052959501558,0.03637071651090343,687,62.208882987641196,62.04730956710189,0.9985443959243085,0.001455604075691412,0.0,2.190962099125364,0.043396501457725944,-0.002226836840411106,0.0022903521603439003,-1.0270816005766392,0.0018450407792613532,-0.0034408532240587817,0.0019184283228241839,-1.0375585034489632,0.002693357794350959,0.01178728,4258.026077529677
51,213659,10,1281,59.71470970808345,57.480630727859804,1.0,0.0,0.0,2.251366120218579,0.040897736143637786,649,58.95098042641512,57.87021726121005,1.0,0.0,0.0,2.13251155624037,0.03864406779661017,632,60.504610398157865,57.08352805560246,1.0,0.0,0.0,2.3734177215189876,0.0432120253164557,-0.0024601463048118722,0.0019010018426342868,-1.032050058990717,0.0010057228786678253,-0.002304743017419203,0.002084085532987956,-1.0496873155236244,0.0010167235850303768,0.01162024,4209.581032354544
52,217842,10,1351,59.876089460626474,60.1303389272394,1.0,0.0,0.0,2.0962250185048115,0.03796447076239823,682,59.72038428110129,60.15697174685908,1.0,0.0,0.0,1.9472140762463344,0.03414956011730205,669,60.03179464015165,60.10264079483495,1.0,0.0,0.0,2.2481315396113604,0.04185351270553064,-0.0033387046330788385,0.0018142873246688395,-1.0504385814070702,0.002059116540496575,-0.0026001638264157635,0.0018105733339325524,-1.0568242132663728,0.0006782508231708562,0.011453640000000001,4197.945622727315
53,222017,10,1278,59.66609805571244,58.61766371896588,1.0,0.0,0.0,2.2668231611893583,0.03850547730829421,653,59.23874897979133,57.04075834798625,1.0,0.0,0.0,2.258805513016845,0.03437978560490046,625,60.15803043249623,60.099151249026356,1.0,0.0,0.0,2.2752,0.042816,-0.001598453413498646,0.0017674624556093476,-1.0450464621186257,0.0006841011638151429,-0.004187097455192723,0.0018738625280093403,-1.0531701907515525,0.0023805348290707683,0.01128632,4180.12945678532
54,226180,10,1285,59.01881724026383,58.51083586836389,1.0,0.0,0.0,2.2396887159533074,0.038233463035019455,644,60.30535570680891,56.54273278349082,1.0,0.0,0.0,2.200310559006211,0.035217391304347825,641,57.74009967625091,60.51047906677659,1.0,0.0,0.0,2.279251170046802,0.04126365054602184,-0.0019927827139213745,0.0017253040830837562,-1.061657689511776,0.0008916808357980699,-0.0021590261311882075,0.0022307543884380722,-1.0691624894738196,0.001590276501849175,0.01111932,4172.355616403663
55,230365,10,1308,57.83643914241795,60.252930950039556,1.0,0.0,0.0,2.19954128440367,0.03991590214067279,673,56.55711388233052,59.65509068915983,1.0,0.0,0.0,2.138187221396731,0.03662704309063893,635,59.14815238377341,60.90699443294559,1.0,0.0,0.0,2.264566929133858,0.04340157480314961,-0.003327265186298667,0.001761560318118427,-1.0690859630703926,0.0018265177378793851,-0.004576592476872842,0.0018758546822937206,-1.0801747828722,0.0022463797356067515,0.0109528,4156.481041949075
56,234533,10,1324,59.72346878585496,60.86205921091566,1.0,0.0,0.0,2.1480362537764353,0.039138972809667674,672,59.20073043104754,60.411162795834336,1.0,0.0,0.0,2.0357142857142856,0.03726190476190477,652,60.19663712425822,61.39156585625789,1.0,0.0,0.0,2.263803680981595,0.04107361963190184,-0.0027148304077913464,0.0020055985427461565,-1.0897853538393973,0.0005270995260483246,-0.0029859048702149727,0.001833269755297806,-1.0933297216892242,0.0018746813437701348,0.0107854,4151.094128402556
57,238719,10,1296,62.16616355737961,59.440515925372814,1.0,0.0,0.0,2.2299382716049383,0.039274691358024694,663,62.01221258465202,58.52506016761662,1.0,0.0,0.0,2.1870286576168927,0.03591251885369533,633,62.328318813920255,60.39387271768577,1.0,0.0,0.0,2.2748815165876777,0.04279620853080569,-0.0038662684115946975,0.0021367792433011346,-1.091920255124569,0.001142872817021612,-0.003219092365395332,0.0018343965653912163,-1.0978036195039749,0.0013693841076928947,0.01061868,4139.2818898887
58,242882,10,1326,60.348122582473756,60.60610245370332,1.0,0.0,0.0,2.1395173453996983,0.037481146304675715,663,60.118268985624375,60.796405391230685,1.0,0.0,0.0,2.0542986425339365,0.03257918552036199,663,60.60335433670398,60.43504981332468,1.0,0.0,0.0,2.22473604826546,0.042383107088989444,-0.002629695982965241,0.0017076432501198723,-1.112912803888321,0.001107105817705545,-0.0016825526862278423,0.0017875594159704633,-1.1111771762371063,0.0013492556499841157,0.01045124,4130.29976058174
59,247048,10,1267,58.29310519959043,59.135113286798514,1.0,0.0,0.0,2.2880820836621942,0.03963693764798737,586,58.68179407173762,57.772562703712,1.0,0.0,0.0,2.244027303754266,0.03453924914675768,681,57.93048692252626,60.215889953269425,1.0,0.0,0.0,2.3259911894273126,0.04402349486049926,-0.002798318991554358,0.0021293154422892258,-1.1124497085809708,0.0009531162301001928,-0.002100138885781799,0.002142058596655261,-1.1138442128896713,0.0012286405808708879,0.01028472,4125.063632761687
60,251233,10,1326,59.314648936355034,58.83606059301042,1.0,0.0,0.0,2.1561085972850678,0.03779034690799397,663,58.85080927446647,57.87388339175707,1.0,0.0,0.0,2.072398190045249,0.033740573152337854,663,59.74738564715485,59.867394280603904,1.0,0.0,0.0,2.239819004524887,0.04184012066365008,-0.0031681164817383032,0.002137602778384462,-1.1300332307815553,0.0012410318653678586,-0.001940081556558737,0.0017969059161259792,-1.1258637592196465,0.0009273016152974378,0.01011808,4124.597670580013
61,255399,12,1393,60.19064003545054,59.130858298915165,1.0,0.0,0.0,1.990667623833453,0.03757358219669778,679,59.89140200734267,58.91854078705352,1.0,0.0,0.0,1.9293078055964654,0.03306332842415317,714,60.48081024452484,59.32865837406831,1.0,0.0,0.0,2.049019607843137,0.041862745098039215,-0.0022780840132694963,0.0016769469089922494,-1.1341860204935075,0.001547869931528112,-0.0029052771438223767,0.0016590263869147748,-1.1246526196599007,0.0009424546268519407,0.009950680000000002,4081.951318275944
62,259571,12,1385,59.6377903857389,59.72226477341183,1.0,0.0,0.0,2.012274368231047,0.036151624548736466,709,59.16269465568236,60.046314602609414,1.0,0.0,0.0,1.9012693935119886,0.03344146685472497,676,60.11566445339813,59.36813846306118,1.0,0.0,0.0,2.128698224852071,0.03899408284023669,-0.0020097484038669984,0.0014980227933847345,-1.143776312470436,0.001000525819199538,-0.0017397765637471945,0.0016430455201771111,-1.1347064584493638,0.0012590161083892327,0.00978404,4078.555948860216
63,263736,12,1355,62.06564153169622,58.96099111524993,1.0,0.0,0.0,2.07380073800738,0.036819188191881916,708,60.94725718056904,57.60723521189414,1.0,0.0,0.0,1.9533898305084745,0.03474576271186441,647,63.43870746773357,60.28326432317886,1.0,0.0,0.0,2.205564142194745,0.03908809891808346,-0.0015077720691697369,0.0019229179233661853,-1.1527734071016311,0.0012268413529454847,-0.0012114668423237162,0.0017638807839830406,-1.1401932463049889,0.0005356561133297077,0.00961716,4074.78398656827
64,267912,12,1368,59.30113316919843,59.89930152412573,1.0,0.0,0.0,2.0526315789473686,0.03621345029239766,701,58.58744121188018,58.8789293715133,1.0,0.0,0.0,1.9657631954350927,0.032125534950071324,667,60.025605971793375,61.00774151133863,1.0,0.0,0.0,2.143928035982009,0.040509745127436284,-0.001386702429656217,0.001488493381475564,-1.159228155016899,0.0008372794251954474,-0.00214873720031617,0.0015915565360046457,-1.1539344519376755,0.0008621197648722046,0.009450559999999998,4071.561611750505
65,272107,12,1367,59.33833733986837,59.67618715286158,1.0,0.0,0.0,2.0687637161667887,0.03600585223116313,704,59.638024190967876,59.148027148368456,1.0,0.0,0.0,2.0056818181818183,0.03323863636363636,663,59.015668368285766,60.22942300326538,1.0,0.0,0.0,2.1357466063348416,0.03894419306184012,-0.002175423193754955,0.0017682257181149907,-1.170698069036007,0.0008356020841688405,-0.002215565892746088,0.0014716105957631952,-1.1588579833507537,0.0010409101415421063,0.009283520000000002,4067.6083886903857
66,276273,12,1324,58.32904563147532,60.2885187816508,1.0,0.0,0.0,2.1465256797583083,0.03726586102719034,648,58.91069363921692,60.50993841224946,1.0,0.0,0.0,2.087962962962963,0.03333333333333333,676,57.783642751812565,60.07167123781966,1.0,0.0,0.0,2.2026627218934913,0.041035502958579884,-0.002247976652395567,0.0018370871417573652,-1.1711964696645736,0.0010760915985770225,-0.0018149999001520589,0.0016405618473072537,-1.1734965920448304,0.0016803988952460713,0.00911572,4061.9813975347497
67,280446,12,1353,60.13615305577029,59.53740754983764,1.0,0.0,0.0,2.084257206208426,0.03585365853658537,658,60.61089223835863,58.66463817913505,1.0,0.0,0.0,1.9756838905775076,0.03164133738601824,695,59.699501830524284,60.38747482708264,1.0,0.0,0.0,2.1870503597122304,0.03984172661870504,-0.0045388286565531955,0.0016013535219826735,-1.1889377549290656,0.0029594038761842968,-0.0014386245237695161,0.0016422278858954087,-1.1799188435077668,0.0009802231242005631,0.00894908,4060.3421854159487
68,284617,12,1345,59.92470651334162,58.415283626073865,1.0,0.0,0.0,2.1011152416356875,0.035286245353159856,697,61.10975873683999,58.17462002076478,1.0,0.0,0.0,2.0588235294117645,0.0315351506456241,648,58.63259349706612,58.67066671794618,1.0,0.0,0.0,2.146604938271605,0.03932098765432099,-0.0015359169061235412,0.0016065760559285992,-1.1885653153061866,0.0011377578280189482,-0.0027138597336204386,0.001509948463353794,-1.183501936495304,0.0014410070929827157,0.00878216,4059.117476775492
69,288796,12,1419,59.314474703384526,60.07173036009224,1.0,0.0,0.0,1.945031712473573,0.03614517265680057,727,59.6243504053841,59.20472087510943,1.0,0.0,0.0,1.8184319119669876,0.03348005502063273,692,58.98161118966394,60.96316264746895,1.0,0.0,0.0,2.078034682080925,0.03894508670520232,-0.00249058296929443,0.0015653517708415165,-1.1995650067925454,0.0016269654346842799,-0.003006041830659867,0.001385369207127951,-1.1964740738272668,0.001679038718206982,0.00861532,4050.859060065613
70,292971,12,1396,60.864422826917476,59.49465600981989,1.0,0.0,0.0,1.9906876790830945,0.03434813753581662,678,60.855168541053835,59.794164325985385,1.0,0.0,0.0,1.8274336283185841,0.030309734513274338,718,60.87458331881523,59.25253380147614,1.0,0.0,0.0,2.1448467966573816,0.03816155988857939,-0.0020617947813169222,0.001471854271949269,-1.216154859960079,0.001544360106959175,-0.0025236731201717043,0.0015426852049131412,-1.2041398093104363,0.001898255831122242,0.00844816,4037.015020980835
71,297144,14,1301,59.43203133831677,59.751972868527254,1.0,0.0,0.0,2.207532667179093,0.035188316679477326,637,59.671046323597395,58.30428628948654,1.0,0.0,0.0,2.1648351648351647,0.02970172684458399,664,59.19733590096292,61.10808891094188,1.0,0.0,0.0,2.2484939759036147,0.04045180722891567,-0.0019074486142875934,0.0015015743541880512,-1.2247744172811508,0.000960827804112796,-0.00039242647703806587,0.00157308506895788,-1.212417934834957,0.001120743710566785,0.008281160000000001,4009.1731725666964
72,301323,14,1349,60.623719692799405,60.22811871095648,1.0,0.0,0.0,2.0978502594514454,0.03388435878428466,691,60.15734039031214,59.12695633820237,1.0,0.0,0.0,1.963820549927641,0.031085383502170768,658,61.0820114929314,61.46692638030485,1.0,0.0,0.0,2.2386018237082066,0.03682370820668693,-0.0033399432881424814,0.0017386831328622065,-1.2237102895975114,0.001590852612434901,-0.004293358260745839,0.0015815808539628052,-1.2153671145439149,0.0028215079342771786,0.00811424,3999.9071429270643
73,305487,14,1402,58.946018129471014,61.288985986583214,1.0,0.0,0.0,1.970042796005706,0.03572753209700428,664,58.26346607490266,59.68667459123762,1.0,0.0,0.0,1.8855421686746987,0.031144578313253013,738,59.58819386531844,62.669567606593766,1.0,0.0,0.0,2.046070460704607,0.0398509485094851,-0.001758257558147769,0.0017307092392002232,-1.2345891401171685,0.0007311633522476768,-0.0037101508757070743,0.0015516670027864166,-1.2187881737947464,0.0024693247106370108,0.00794708,3990.5674940398367
74,309655,14,1351,60.64068340845822,60.4948732111074,1.0,0.0,0.0,2.085122131754256,0.03492968171724648,710,61.20322906089098,60.18683957914331,1.0,0.0,0.0,2.007042253521127,0.03169014084507042,641,60.03486501353063,60.84579760195256,1.0,0.0,0.0,2.171606864274571,0.0385179407176287,-0.006655049327779733,0.0015290576135157607,-1.225969660282135,0.004341263333481038,-0.0019546160483999266,0.0014319564317702316,-1.2264286443591117,0.000994306125136113,0.007780519999999999,3983.8404206756077
75,313813,14,1383,59.7767734112513,58.900009500243605,1.0,0.0,0.0,2.0065075921908893,0.03357917570498916,704,59.65050590621649,58.247250543166714,1.0,0.0,0.0,1.8963068181818181,0.03001420454545455,679,59.90825550351467,59.5738871294612,1.0,0.0,0.0,2.1207658321060383,0.03727540500736377,-0.0013384798792620556,0.0013400540796283168,-1.241563731431961,0.0005746239108361806,-0.0023826378689881856,0.001697124115889892,-1.2151700749993324,0.0019266055958325977,0.0076138,3975.3756771968197
76,317982,14,1409,60.796449450427694,58.68825345387996,1.0,0.0,0.0,1.9588360539389638,0.03520227111426544,703,60.80049125610362,58.09289346068556,1.0,0.0,0.0,1.8549075391180654,0.031621621621621625,706,60.79244219009943,59.283613447074345,1.0,0.0,0.0,2.0623229461756374,0.03876770538243626,-0.002071170210895923,0.001457565650343895,-1.2528611734509467,0.0009442204177730673,-0.0018455838213974006,0.0013940032404207159,-1.2374926060438156,0.0006462739463373168,0.007447479999999999,3974.567793052185
77,322146,14,1394,61.47246737997951,60.28869029612548,1.0,0.0,0.0,1.9870875179340028,0.03548063127690101,716,59.52606553925164,59.85876233986051,1.0,0.0,0.0,1.850558659217877,0.031913407821229055,678,63.45149048060784,60.76161104801694,1.0,0.0,0.0,2.131268436578171,0.03924778761061947,-0.002027546089251092,0.001492328813765198,-1.2509902477264405,0.0010742927454202799,-0.002530092606473344,0.001434466773935128,-1.2485711842775344,0.0012436795654139133,0.007280720000000001,3973.8062790555255
78,326323,14,1392,58.73942593535928,60.35135227111658,1.0,0.0,0.0,2.0007183908045976,0.034992816091954024,723,58.080707977269384,60.06188060807618,1.0,0.0,0.0,1.929460580912863,0.03132780082987552,669,59.44715564628322,60.666033178085435,1.0,0.0,0.0,2.077727952167414,0.03895366218236174,-0.004122742590338115,0.0015034002120955848,-1.250567775964737,0.0030240923992096214,-0.0025521267021935525,0.0015631302521796897,-1.2466350585222243,0.0020169200944678777,0.007114160000000001,3973.8354167253633
79,330489,14,1410,59.88265280756391,59.254850413714806,1.0,0.0,0.0,1.9546099290780141,0.034056737588652485,702,60.42057034773135,59.13997135482927,1.0,0.0,0.0,1.868945868945869,0.03123931623931624,708,59.36090218800259,59.371408991005104,1.0,0.0,0.0,2.0395480225988702,0.03685028248587571,-0.000856868702248903,0.0013697171445528511,-1.2704189002513886,0.0013293680488416725,-0.0015406291988256271,0.0014109398187429178,-1.2536425441503525,0.0012432316467680948,0.006947080000000001,3968.5658084614984
80,334646,14,1409,61.012417196434015,59.26553950730036,1.0,0.0,0.0,1.950319375443577,0.0345848119233499,701,59.56430606619787,57.95408064055211,1.0,0.0,0.0,1.877318116975749,0.03215406562054208,708,62.412656884348294,60.59600502429136,1.0,0.0,0.0,2.022598870056497,0.03699152542372881,-0.0012003375611129741,0.0014700643107062206,-1.2691306695342064,0.0008706841039384017,-0.0008191458981627875,0.0014900607879098971,-1.2623700052499771,0.0009509154091501104,0.00678044,3966.5119568539717
81,338823,16,1394,61.29781884905099,60.72448500653803,1.0,0.0,0.0,1.9964131994261118,0.034619799139167864,715,60.30382327001617,59.35845511927334,1.0,0.0,0.0,1.9384615384615385,0.031384615384615386,679,62.31774474753889,62.20094245953971,1.0,0.0,0.0,2.0574374079528717,0.038026509572901324,-0.004065045201131118,0.001507909364590887,-1.2848278373479842,0.0020599084378773113,-0.0011925093403504893,0.001572037245205138,-1.2587183862924576,0.000966603272289035,0.006614160000000001,3939.9083298371033
82,342991,16,1410,61.535162482593606,58.68808045966177,1.0,0.0,0.0,1.9560283687943263,0.03291489361702128,719,60.627965427456296,58.57885203942586,1.0,0.0,0.0,1.8456189151599445,0.030013908205841443,691,62.46024793036744,58.804135656162416,1.0,0.0,0.0,2.0709117221418234,0.03593342981186686,-0.0025789215587775915,0.001244596849574009,-1.2905960530042648,0.0011865138438906797,-0.0021653129241274937,0.0012009128855424932,-1.2739017233252525,0.00106928545350371,0.006447080000000001,3937.65317749348
83,347164,16,1437,60.52235669967911,60.663149784270956,1.0,0.0,0.0,1.9039665970772444,0.032025052192066805,737,60.45867399895427,60.65464039213525,1.0,0.0,0.0,1.808683853459973,0.029810040705563094,700,60.589871310762746,60.672047068925664,1.0,0.0,0.0,2.0042857142857144,0.03435714285714286,-0.000796841319242958,0.0012760183461068663,-1.2952903762459755,0.0007306233220560898,-0.0027582913870956155,0.0012153044583101292,-1.2865342751145363,0.0023356702056275937,0.0062803600000000005,3934.9974456387963
84,351331,16,1374,60.40216020965156,59.691370562625735,1.0,0.0,0.0,2.032751091703057,0.03138282387190684,670,60.40508245116008,58.98907586663014,1.0,0.0,0.0,2.008955223880597,0.027522388059701496,704,60.39945237173199,60.37903411912142,1.0,0.0,0.0,2.055397727272727,0.03505681818181818,-0.0022095390229956214,0.001187227575428551,-1.307624164223671,0.001245936725104002,-0.0021443327875052378,0.001429987500887364,-1.2912153705954552,0.0013085082433462957,0.006113440000000001,3932.3827475038756
85,355483,16,1423,60.85365404591689,58.93843712925867,1.0,0.0,0.0,1.9177793394237526,0.03151791988756149,764,59.607321334204336,60.18460043849444,1.0,0.0,0.0,1.867801047120419,0.02823298429319372,659,62.384105156956025,57.578986246456,1.0,0.0,0.0,1.975720789074355,0.035326251896813356,-0.001247003898970893,0.0012487787571444642,-1.311496014893055,0.0013128418627275096,-0.00469712560695743,0.0013796066945360509,-1.2926291063427926,0.0028471593454241885,0.005946760000000001,3932.4297417671173
86,359658,16,1453,59.779222996710146,59.783771714147086,1.0,0.0,0.0,1.8733654507914659,0.032876806607019964,683,59.659615520274166,61.06676962327327,1.0,0.0,0.0,1.7042459736456808,0.029341142020497802,770,59.889412561615735,58.688770927952014,1.0,0.0,0.0,2.0233766233766235,0.03601298701298701,-0.005644329498957834,0.00143003460689215,-1.3156890496611595,0.0035505893671142984,-0.0006783895103703419,0.001285696627019206,-1.3032396942377091,0.0006566513363168269,0.00578068,3931.1392169869223
87,363817,16,1416,60.02133802345812,59.61939137546688,1.0,0.0,0.0,1.9371468926553672,0.031242937853107347,700,59.80735636665415,59.76492072043392,1.0,0.0,0.0,1.8314285714285714,0.02882857142857143,716,60.24758223939125,59.48813738858926,1.0,0.0,0.0,2.0405027932960893,0.03360335195530726,-0.004403894363637542,0.0013502908186637796,-1.3269323736429215,0.0027335273983510435,-0.003767716531468046,0.0014140368002699688,-1.310647004842758,0.002879728224923639,0.005613680000000001,3926.7781442505825
88,367991,16,1473,60.29697380276799,60.77698564423255,1.0,0.0,0.0,1.8336727766463001,0.0330142566191446,733,60.594361928339204,60.86917040522629,1.0,0.0,0.0,1.7107776261937244,0.030927694406548432,740,59.99958567719676,60.68649902357292,1.0,0.0,0.0,1.9554054054054053,0.03508108108108108,-0.00028978102403878216,0.0013028502049564849,-1.3301325306296348,0.0006128938095741887,-0.006986827691742558,0.001380653445085045,-1.3076558977365493,0.0033589067526008875,0.00544732,3925.352982783777
89,372164,16,1429,60.4324117236796,59.23637188921159,1.0,0.0,0.0,1.920223932820154,0.031833449965010495,703,59.41578625471061,59.92713953084879,1.0,0.0,0.0,1.8207681365576103,0.028534850640113803,726,61.45775112523976,58.593370095134404,1.0,0.0,0.0,2.0165289256198347,0.03502754820936639,-0.0038046333909771135,0.0015204826602712273,-1.3395135298371315,0.0027411122280255997,-0.0026730962224858546,0.0011837063946586567,-1.3155825823545455,0.002087697094992791,0.00528036,3916.9823269494295
90,376338,16,1421,59.432992319439876,59.86096410693872,1.0,0.0,0.0,1.9373680506685433,0.03143560872624912,677,59.49631063850369,58.34764734951638,1.0,0.0,0.0,1.8212703101920236,0.028079763663220087,744,59.36949713356305,61.107686202431736,1.0,0.0,0.0,2.043010752688172,0.03448924731182796,-0.0017736902969385903,0.0012508352723671124,-1.3434160709381104,0.0011736186020243622,-0.0024740027583114886,0.001135879491630476,-1.3283373787999153,0.002326587084098719,0.00511344,3913.127783494959
91,380505,18,1409,61.35859281080254,60.158327610165735,1.0,0.0,0.0,1.957416607523066,0.031774308019872244,700,59.65664019833344,59.98951365959717,1.0,0.0,0.0,1.8971428571428572,0.02922857142857143,709,63.274563416456395,60.304182863456994,1.0,0.0,0.0,2.016925246826516,0.034287729196050776,-0.0010175705390422798,0.0012986542096768972,-1.3502415716648102,0.00048590864633411,-0.001116994780781541,0.0013418996459222399,-1.3316087037324906,0.0014675115542104322,0.00494648,3891.1929114332625
92,384675,18,1413,60.5963609840835,59.16992983087582,1.0,0.0,0.0,1.951167728237792,0.0302689313517339,716,60.692905849955224,59.751443553296816,1.0,0.0,0.0,1.9301675977653632,0.025614525139664803,697,60.50008208202963,58.553594927471536,1.0,0.0,0.0,1.9727403156384504,0.03505021520803443,-0.0010983070865712985,0.0010950526062515563,-1.3455571487545968,0.0010674927303057301,-0.010277422620159621,0.0016246694402070716,-1.3292841926217078,0.006399585920875595,0.004779800000000001,3889.9449488431787
93,388851,18,1448,60.44204147995008,60.617885027131734,1.0,0.0,0.0,1.8839779005524862,0.030145027624309397,742,61.671175123198196,60.56899970423666,1.0,0.0,0.0,1.8059299191374663,0.028611859838274932,706,59.152341831092635,60.66934326175813,1.0,0.0,0.0,1.9660056657223797,0.03175637393767706,-0.005036326757537302,0.001162681160349166,-1.3550667256116866,0.0027694435726061785,-0.0021189316087648737,0.001225067333871266,-1.339862559735775,0.0017429029797767725,0.004613000000000001,3889.3365121984607
94,393021,18,1482,61.198373153943784,61.11820446867259,1.0,0.0,0.0,1.8137651821862348,0.030796221322537114,749,60.89707876464389,60.00668422263623,1.0,0.0,0.0,1.759679572763685,0.028224299065420563,733,61.50697657155553,62.251218200129536,1.0,0.0,0.0,1.869031377899045,0.03342428376534789,-0.0011141971131600147,0.0011075403832364827,-1.3591286823153497,0.0017293564486863034,-0.0010079639894793602,0.0011826854512037243,-1.3340883120894431,0.0007694416942968018,0.0044459600000000005,3888.4726908369007
95,397188,18,1468,60.53535283465678,61.20587014918697,1.0,0.0,0.0,1.8385558583106267,0.030837874659400546,746,59.76918494327966,60.469658745903416,1.0,0.0,0.0,1.7868632707774799,0.027238605898123325,722,61.28690716952262,62.00637043557416,1.0,0.0,0.0,1.89196675900277,0.034556786703601114,-0.0019467831040345218,0.0012659127904043998,-1.363998393714428,0.0012316956804909295,-0.002175388279359447,0.0012569421844091267,-1.3461220920085908,0.0013963033117804003,0.004279160000000001,3883.3020417480666
96,401361,18,1464,61.36690097556689,60.69471178795187,1.0,0.0,0.0,1.8504098360655739,0.030587431693989073,758,61.56283757856128,60.73435146733192,1.0,0.0,0.0,1.7176781002638521,0.028641160949868075,706,61.1667619789426,60.649834433218295,1.0,0.0,0.0,1.9929178470254958,0.032677053824362604,-0.0010160491555564325,0.0012160545818915125,-1.3688172191381454,0.0008824261957364854,-0.003981868234376201,0.0014200660305505152,-1.3488903179764749,0.00402445220915979,0.004112480000000002,3878.520482734889
97,405526,18,1450,59.52301281769144,61.09202233860162,1.0,0.0,0.0,1.8724137931034484,0.030600000000000002,722,58.93511121244418,61.87929924345735,1.0,0.0,0.0,1.7590027700831026,0.027049861495844877,728,60.085560175812155,60.282692859380184,1.0,0.0,0.0,1.98489010989011,0.034120879120879126,-0.0016471581148543191,0.0010720648140704725,-1.3775379583239555,0.0016214866978316422,-0.00020987007158221883,0.0012077917301212438,-1.360494150221348,0.001076225627275562,0.003945560000000001,3874.9422301653494
98,409702,18,1420,60.19658156245261,57.779722392104276,1.0,0.0,0.0,1.9408450704225353,0.02909154929577465,711,61.344888560927984,56.75516197767683,1.0,0.0,0.0,1.8382559774964837,0.026146272855133615,709,58.996226654697885,58.763991104840734,1.0,0.0,0.0,2.0437235543018337,0.032045133991537376,-0.002002716877792332,0.0011525860929396004,-1.3807511001825332,0.0032853289279046296,-0.002222891307787589,0.0012814860114303884,-1.357501432299614,0.002174211723377084,0.0037789600000000013,3873.293034198725
99,413860,18,1479,60.08794355635064,59.94314015154111,1.0,0.0,0.0,1.8113590263691683,0.03118999323867478,753,59.281084132012445,58.61460220003709,1.0,0.0,0.0,1.7290836653386454,0.02872509960159363,726,60.93823167491666,61.30017221460554,1.0,0.0,0.0,1.896694214876033,0.0337465564738292,-0.0026622979330930274,0.0010881866815907414,-1.3753368705511093,0.0020853487927524838,-0.004776553060985528,0.0011902748439752032,-1.369470475614071,0.0022239654669192533,0.003611920000000001,3871.581428947193
100,418020,18,1401,60.868069752167244,59.22704493060304,1.0,0.0,0.0,1.9693076374018559,0.0326338329764454,679,60.92990058580909,58.59977618630603,1.0,0.0,0.0,1.8350515463917525,0.02843888070692194,722,60.80464898280317,59.76663094720264,1.0,0.0,0.0,2.095567867036011,0.03657894736842106,-0.00100985803147709,0.0013663513644132763,-1.3845439031720161,0.0020504091463408257,-0.0024767611297013157,0.0014970431046094745,-1.376273049414158,0.0016091793474629413,0.0034456,3868.373668512685
101,422201,20,1454,59.72466062959264,60.90815560542388,1.0,0.0,0.0,1.875515818431912,0.030701513067400276,777,59.445730218870466,60.24068930721131,1.0,0.0,0.0,1.7747747747747749,0.027940797940797943,677,60.07222375967234,61.61641151074944,1.0,0.0,0.0,1.9911373707533235,0.03387001477104874,-0.0016203297011580075,0.0012229374653543346,-1.3825450077652932,0.0010347160314495341,-0.0008035267951224043,0.0011991197119641584,-1.3772155299782753,0.001800555182262542,0.0032791999999999995,3847.678710165074
102,426360,20,1484,59.089028366112665,59.73090599504919,1.0,0.0,0.0,1.8025606469002695,0.03066711590296496,730,58.71777172825497,58.832032995732725,1.0,0.0,0.0,1.715068493150685,0.02812328767123288,754,59.456303699542936,60.582594060018344,1.0,0.0,0.0,1.8872679045092837,0.03312997347480107,-0.0010420041366384525,0.001057050588860875,-1.3950634643435478,0.0014352290799479305,-0.0023188758542110667,0.0010847225479665213,-1.384695264697075,0.0017637115301113227,0.0031119600000000004,3846.7081159772383
103,430521,20,1464,60.585426145651304,60.06665450674093,1.0,0.0,0.0,1.8422131147540983,0.029501366120218583,724,60.96560867216626,60.33866120174957,1.0,0.0,0.0,1.7665745856353592,0.02701657458563536,740,60.227380829541005,59.78912883531182,1.0,0.0,0.0,1.9162162162162162,0.031932432432432434,-0.003265984890516395,0.0010548281759838573,-1.4099053129553796,0.003584030163472818,-0.005306341242176871,0.0011757179767300841,-1.389222514629364,0.003988591161942168,0.0029455999999999996,3845.395331998949
104,434682,20,1467,60.632742550261604,60.24337897791957,1.0,0.0,0.0,1.83640081799591,0.029488752556237223,737,60.926512285872725,58.94088272127274,1.0,0.0,0.0,1.7598371777476256,0.026892808683853464,730,60.31490693235465,61.46966534720939,1.0,0.0,0.0,1.9136986301369863,0.03210958904109589,-0.0012939028079186371,0.001043796446901979,-1.409939429163933,0.0006876866191618091,-0.0010413521259781343,0.0010887266354984604,-1.3944949895143508,0.0006293664702752722,0.0027791599999999993,3840.859321387907
105,438856,20,1452,61.27365071944919,61.53221886284076,1.0,0.0,0.0,1.8746556473829201,0.029758953168044083,757,61.71641945129564,61.098916083802294,1.0,0.0,0.0,1.8256274768824305,0.02681638044914135,695,60.83577445977784,62.051401471958926,1.0,0.0,0.0,1.9280575539568345,0.03296402877697842,-0.0014191759941655003,0.0010985846616677008,-1.4158763885498047,0.0008949828163167695,-0.0026627375933617747,0.0013297175166371745,-1.3942623242735863,0.0030061572531252523,0.002612719999999999,3837.7856212020056
106,443025,20,1490,60.16747377847224,59.66328408471914,1.0,0.0,0.0,1.797986577181208,0.030046979865771813,759,60.11876668688815,60.06465722703454,1.0,0.0,0.0,1.7061923583662715,0.028129117259552045,731,60.21553488740933,59.22449480201842,1.0,0.0,0.0,1.893296853625171,0.032038303693570455,-0.0025854003865769305,0.001329700814676471,-1.4179725706577302,0.0009544918350854914,-0.0032116322135769203,0.0009753799873578828,-1.4011944442987443,0.0016030116436422936,0.002445759999999998,3835.8059839130988
107,447179,20,1474,60.889125038284185,61.20500291332745,1.0,0.0,0.0,1.8181818181818181,0.02949118046132972,744,61.0137016007752,61.27751546602017,1.0,0.0,0.0,1.6801075268817205,0.026384408602150543,730,60.75594512202998,61.134657855416286,1.0,0.0,0.0,1.9589041095890412,0.03265753424657534,-0.001347157814347466,0.001109676790656522,-1.4219592824578284,0.0015420939254454425,-0.0010875614458131567,0.0011704664793796837,-1.4073772579431534,0.0011335800839788134,0.0022789999999999998,3834.7568154331884
108,451339,20,1478,60.408009523904774,61.09220002192762,1.0,0.0,0.0,1.8146143437077131,0.029397834912043303,745,59.850341783593876,59.7110473668454,1.0,0.0,0.0,1.712751677852349,0.02652348993288591,733,60.946344782551584,62.56980188476696,1.0,0.0,0.0,1.9181446111869032,0.03231923601637108,-0.0017558337966367132,0.0010096003898070194,-1.423266553878784,0.000875665023181682,-0.001407310211834556,0.0010646974173141644,-1.4087909296154977,0.0016987531349514028,0.0021128400000000012,3833.711060877873
109,455499,20,1483,61.185939429362,60.2513745098625,1.0,0.0,0.0,1.8051247471341874,0.030755225893459203,710,61.69761101536875,60.425725779190266,1.0,0.0,0.0,1.7197183098591549,0.02852112676056338,773,60.671494555626246,60.10507480614442,1.0,0.0,0.0,1.8835705045278137,0.03280724450194049,-0.0009562051862893828,0.0011760152534407097,-1.4297377929091453,0.0009854333485236565,-0.002537468192867642,0.0011049771339457948,-1.417885646224022,0.002558588345618773,0.0019464400000000007,3829.541774868772
110,459654,20,1452,60.99402403418446,60.340271849458524,1.0,0.0,0.0,1.8615702479338843,0.02910468319559229,726,61.38875059689893,60.46407045858234,1.0,0.0,0.0,1.8085399449035813,0.025991735537190083,726,60.622090081390525,60.20857883627464,1.0,0.0,0.0,1.9146005509641872,0.03221763085399449,-0.0008501973564757126,0.0011251856667513493,-1.4355148315429687,0.0006845422785545452,-0.0011656067935460284,0.001214954847819172,-1.4157413691282272,0.001074306264851188,0.00178004,3830.0165595069934
111,463820,22,1475,59.03829131196814,60.10659249046839,1.0,0.0,0.0,1.824406779661017,0.029261016949152546,744,60.01855053740465,60.59917560332665,1.0,0.0,0.0,1.7446236559139785,0.02657258064516129,731,58.10165618818717,59.571666989685326,1.0,0.0,0.0,1.905608755129959,0.03199726402188782,-0.0011612181766171513,0.0009959407412679865,-1.4391687110066413,0.0016536886821761243,-0.0008307415827027202,0.0011201078290469014,-1.4232297733426094,0.000753697319589719,0.0016138399999999983,3814.160252377385
112,467973,22,1446,60.22695927505486,60.303984631975794,1.0,0.0,0.0,1.872060857538036,0.028596127247579532,760,59.45330647794964,59.24877407289784,1.0,0.0,0.0,1.7710526315789474,0.02675,686,61.13224851823471,61.41030225516861,1.0,0.0,0.0,1.9839650145772594,0.03064139941690962,-0.0013839738514628997,0.0011556349752936512,-1.448764081299305,0.0016042088299172974,-0.0024396350131862697,0.0011083042227255646,-1.4278693169355392,0.0016452518440019047,0.0014471999999999992,3811.205913859506
113,472139,22,1532,61.258560080531566,59.95974379914995,1.0,0.0,0.0,1.7193211488250653,0.028537859007832896,780,61.115312245371584,58.52276581802873,1.0,0.0,0.0,1.6525641025641025,0.02562820512820513,752,61.406453791426465,61.456909339689865,1.0,0.0,0.0,1.788563829787234,0.031555851063829785,-0.00040220701226473254,0.0009645088524848688,-1.4544163465499877,0.0013779360146145337,-0.0026705036624501965,0.0009272417002648581,-1.4361099556088448,0.0019540254474359033,0.0012810800000000004,3810.6380456826287
114,476295,22,1488,60.75875090828239,59.497709006613874,1.0,0.0,0.0,1.793010752688172,0.02756720430107527,717,59.23780224638469,58.64272843130445,1.0,0.0,0.0,1.7461645746164574,0.024142259414225944,771,62.124500727129295,60.321107186001576,1.0,0.0,0.0,1.8365758754863812,0.030752269779507135,-0.0007315693358352915,0.0010478829419298564,-1.4591665491461754,0.0007869335861812488,-0.001481389544551348,0.0009473240163060837,-1.4376752823591232,0.0012237897479963067,0.0011144400000000013,3807.9817835935733
115,480447,22,1482,59.467092873842276,60.52963822275888,1.0,0.0,0.0,1.8016194331983806,0.029426450742240217,733,59.40244545691248,59.94512445901615,1.0,0.0,0.0,1.6684856753069577,0.02733969986357435,749,59.532444894771324,61.083549171645984,1.0,0.0,0.0,1.9319092122830441,0.03146862483311082,-0.0009535169485096251,0.0011631894863967317,-1.4540265560150147,0.0007023738675812297,-0.004772273621674883,0.0009941456104570535,-1.450349499285221,0.0025499543525711486,0.0009481999999999997,3803.1837049941473
116,484611,22,1476,60.74906959818644,61.48940163465914,1.0,0.0,0.0,1.8211382113821137,0.02799457994579946,738,59.73842803015126,62.15271628948176,1.0,0.0,0.0,1.7886178861788617,0.025880758807588077,738,61.732903697573455,60.807712612666926,1.0,0.0,0.0,1.853658536585366,0.030108401084010843,-0.0009010922837816793,0.001159967677813256,-1.4584435477852822,0.0007641830539411032,-0.0022048000845357437,0.000950648657453712,-1.4376309141516685,0.0031629760244868523,0.0007821200000000007,3802.0652119457636
117,488768,22,1498,60.95827556360819,60.79544285363201,1.0,0.0,0.0,1.7750333778371161,0.028564753004005343,759,61.188186356164344,58.75849313353177,1.0,0.0,0.0,1.7035573122529644,0.026719367588932806,739,60.71131094852727,62.7943695122904,1.0,0.0,0.0,1.8484438430311232,0.030460081190798377,-0.004996707888979779,0.001001247538079042,-1.4719832479953765,0.009802667455096526,-0.0020047890103286115,0.0011753818442230112,-1.4514754101634026,0.0028624309617043763,0.0006155600000000011,3799.7859567856513
118,492931,22,1479,59.33670075229056,59.37509476284104,1.0,0.0,0.0,1.81473968897904,0.02803245436105477,732,59.29423879626668,59.313941991620936,1.0,0.0,0.0,1.7336065573770492,0.024767759562841534,747,59.38337281726865,59.42848703009921,1.0,0.0,0.0,1.894243641231593,0.03123159303882196,-0.00026539795123610156,0.0010010119127400684,-1.4731512308120727,0.0015855469898951925,-0.0012943570397554894,0.0009654584820964374,-1.4564562797546388,0.001596014904259846,0.0004492799999999998,3798.779646431546
119,497098,22,1463,59.181843045780674,59.970054879844,1.0,0.0,0.0,1.848257006151743,0.027785372522214632,757,57.56227023064181,59.733044640553956,1.0,0.0,0.0,1.7780713342140027,0.023262879788639366,706,60.93334735428759,60.221962905603704,1.0,0.0,0.0,1.9235127478753542,0.03263456090651558,-0.001827426964190504,0.0009765646427695174,-1.4795919328927993,0.0016407659618380421,-0.0016175555699444511,0.001096726745890919,-1.4551052153110504,0.0013923420342507598,0.00028275999999999996,3798.464276991333
120,501265,22,1503,62.07045883517474,60.38241500500148,1.0,0.0,0.0,1.7724550898203593,0.027791084497671325,728,62.09345225131574,59.69389012354505,1.0,0.0,0.0,1.717032967032967,0.026552197802197804,775,62.05040902061699,61.082383513296534,1.0,0.0,0.0,1.824516129032258,0.028954838709677418,-0.002612444913636311,0.0009755208171554841,-1.4861397743225098,0.0017139538158971845,-0.0005708804682853952,0.0010316725623852109,-1.460200423002243,0.0011251219168116223,0.00011608000000000104,3798.2280809323647
121,505438,24,1496,59.6017217554839,60.75543504793384,1.0,0.0,0.0,1.789438502673797,0.027807486631016044,764,59.03373095709059,60.49435254336004,1.0,0.0,0.0,1.8232984293193717,0.026047120418848164,732,60.18678331557754,61.03149769621268,1.0,0.0,0.0,1.7540983606557377,0.029644808743169403,-0.0021163240621634217,0.0010765485974843613,-1.4833619505167008,0.0018440268069056741,-0.0019864379798439856,0.0010037878753792028,-1.453797073662281,0.0023197476317108113,0.0,3774.6197717974555
122,509598,24,1477,60.02023037387615,61.21016992200745,1.0,0.0,0.0,1.8165199729180772,0.02693974272173325,752,59.317262107398406,61.29791123917733,1.0,0.0,0.0,1.764627659574468,0.02503989361702128,725,60.727114898105874,61.11643534546804,1.0,0.0,0.0,1.870344827586207,0.02891034482758621,-0.0017576794277677776,0.0009900023724185303,-1.4852562487125396,0.0014867101687059403,-0.00019739242632397236,0.0008209854830056428,-1.473336298763752,0.0007547601970600226,0.0,3772.760389100201
123,513772,24,1533,61.40528128394162,61.37409023265232,1.0,0.0,0.0,1.7227658186562296,0.029119373776908025,736,60.50733034971973,61.120818087227384,1.0,0.0,0.0,1.6956521739130435,0.026059782608695653,797,62.21034074220954,61.615055035972226,1.0,0.0,0.0,1.7478042659974906,0.031944792973651194,-0.00042220127370347084,0.0009608202002709731,-1.4968456491827964,0.0010597186200413944,-0.000405142834229455,0.0009911966226354707,-1.4637536272406577,0.0014036492828381597,0.0,3771.937916486542
124,517936,24,1538,60.80250667425979,60.81340956290202,1.0,0.0,0.0,1.7074122236671,0.028133940182054618,785,61.61086956941141,59.55066954677851,1.0,0.0,0.0,1.6,0.025859872611464975,753,59.92604799174487,62.07942942322325,1.0,0.0,0.0,1.8193891102257636,0.030504648074369187,-0.003489672904877961,0.000875396056653699,-1.505059888958931,0.0025572558420662974,-0.0019064789583781994,0.0011807328242866787,-1.4784295439720154,0.0018245886249587783,0.0,3770.7655131218457
125,522097,24,1490,59.99736957473471,59.87645202646624,1.0,0.0,0.0,1.7926174496644296,0.02791275167785235,766,60.42462407361417,59.95178750547401,1.0,0.0,0.0,1.7180156657963446,0.025887728459530024,724,59.58238609279437,59.789407514064294,1.0,0.0,0.0,1.8715469613259668,0.030055248618784534,-0.0009902387972941767,0.0010069462165120057,-1.506589838862419,0.0013716694923196827,-0.0009594277599978551,0.0009998858637118246,-1.482635247707367,0.0008897482759948616,0.0,3769.379903344995
126,526257,24,1520,61.083937877081404,60.41481690700245,1.0,0.0,0.0,1.736842105263158,0.02724342105263158,760,61.747066406218615,61.113295511967316,1.0,0.0,0.0,1.6605263157894736,0.026210526315789476,760,60.415560309454975,59.721838133572724,1.0,0.0,0.0,1.813157894736842,0.028276315789473688,-0.003644364554705315,0.0008283939860120881,-1.5061275765299798,0.001821479002455817,-0.00029575149864860263,0.0010455108131282032,-1.4920546993613244,0.0010990327375566267,0.0,3768.9704008808967
127,530419,24,1502,59.89480642356191,60.82784861410662,1.0,0.0,0.0,1.7709720372836217,0.02764314247669774,759,59.635592110905726,60.663815695312486,1.0,0.0,0.0,1.7167325428194993,0.024150197628458495,743,60.154020736218094,60.998788182113124,1.0,0.0,0.0,1.8263795423956932,0.031211305518169585,-0.0014179427448501424,0.0011253440781729296,-1.5067372933030128,0.0015149258898645712,-0.0008845864494000377,0.0008695455413544551,-1.4920860394835471,0.0024295859536948685,0.0,3768.6362323909448
128,534582,24,1467,60.73514889786386,59.25445110559249,1.0,0.0,0.0,1.8377641445126107,0.02732788002726653,731,59.99081928429913,58.759308067747426,1.0,0.0,0.0,1.7606019151846786,0.024172366621067035,736,61.49601916950779,59.732474836277994,1.0,0.0,0.0,1.9144021739130435,0.030461956521739133,-0.0010981089100259467,0.0010024632370914332,-1.5142813682556153,0.0028373489940349828,-0.0011476913848456837,0.0009783286608580966,-1.4941889613866806,0.0015968348314345348,0.0,3767.6695605542136
129,538755,24,1511,59.433052172242974,61.434893287753766,1.0,0.0,0.0,1.7617471872931834,0.02723362011912641,734,59.97341722958099,61.28743055658444,1.0,0.0,0.0,1.7166212534059946,0.023923705722070848,777,58.87095661662059,61.56118562682453,1.0,0.0,0.0,1.8043758043758045,0.030360360360360366,-0.000770837463952434,0.000911928898858605,-1.523390842974186,0.0009276137591314182,-0.0004579289397391162,0.0009037190975504927,-1.4976435542106628,0.0012792595177415933,0.0,3761.450538526089
130,542929,24,1476,60.678409704254584,59.79846489914695,1.0,0.0,0.0,1.8279132791327912,0.027527100271002712,729,60.45327518712908,59.00079702617556,1.0,0.0,0.0,1.7997256515775035,0.02443072702331962,747,60.88972522288644,60.60957661267404,1.0,0.0,0.0,1.855421686746988,0.030548862115127175,-0.004006680143573515,0.0009485226255492307,-1.522536815702915,0.002752782817344723,-0.003738813809788377,0.0010362981251091697,-1.4939252197742463,0.002306394208198981,0.0,3761.2908818230276
131,547097,26,1430,58.44407547353165,59.57425270250995,1.0,0.0,0.0,1.9146853146853147,0.027748251748251747,721,57.00528475113208,59.09856299521522,1.0,0.0,0.0,1.943134535367545,0.02466019417475728,709,59.86271506536539,60.072916060441074,1.0,0.0,0.0,1.8857545839210155,0.030888575458392104,-0.0045998771823414384,0.0012086270719009918,-1.5208496794104576,0.0035752608536796515,-0.004708373576977465,0.001066770191391697,-1.4963791638612747,0.003645371912716655,0.0,3746.0414080367996
132,551261,26,1514,59.391250313340876,59.94489856475381,1.0,0.0,0.0,1.750330250990753,0.02760898282694848,725,58.58861828200044,61.021468677037866,1.0,0.0,0.0,1.6220689655172413,0.026331034482758624,789,60.17940186988911,59.02135712179691,1.0,0.0,0.0,1.868187579214195,0.02878326996197719,-0.0019855234630912653,0.0009053453162778169,-1.532907108962536,0.0010943027988446375,-0.004072363922873162,0.001100574584415881,-1.510275700688362,0.003944586002467077,0.0,3744.4285385893018
133,555417,26,1489,59.56607043095433,60.34770580385088,1.0,0.0,0.0,1.7911349899261249,0.027300201477501677,725,59.96610937185783,58.09999019976406,1.0,0.0,0.0,1.7862068965517242,0.024344827586206895,764,59.19050195718057,62.502732104676376,1.0,0.0,0.0,1.7958115183246073,0.030104712041884817,-0.0011016096106403722,0.001070942054502666,-1.5186895206570625,0.0022213271676264413,-0.003141221341013474,0.001100208205753006,-1.5104199767112731,0.0022691495505569037,0.0,3743.282035602723
134,559592,26,1524,60.00047207793582,61.57385828220808,1.0,0.0,0.0,1.739501312335958,0.027749343832020996,758,60.01645842995457,61.84883153068978,1.0,0.0,0.0,1.6635883905013193,0.025131926121372033,766,59.9851398988897,61.29301893775875,1.0,0.0,0.0,1.814621409921671,0.030339425587467366,-0.0012615263045743063,0.0009530340656056068,-1.535858541727066,0.001627738022352787,-0.0012716408678182579,0.0008655191792058759,-1.505064307153225,0.0014046053332094743,0.0,3738.3556310255667
135,563747,26,1506,61.693671258957764,61.41049972351716,1.0,0.0,0.0,1.7589641434262948,0.026958831341301462,744,61.329467673474134,60.27207263167277,1.0,0.0,0.0,1.6720430107526882,0.02470430107526882,762,62.03446844434604,62.570291398854586,1.0,0.0,0.0,1.8438320209973753,0.02916010498687664,-0.0006937264699095724,0.0010375647303590084,-1.5396103635430336,0.0006461366258179169,-0.0037657388231819105,0.000929976213228656,-1.5195742875337601,0.0023505833455601532,0.0,3738.4169369738406
136,567911,26,1518,61.39195986541533,59.911006141434186,1.0,0.0,0.0,1.743083003952569,0.027206851119894602,752,62.522910711684176,59.1061901158138,1.0,0.0,0.0,1.6821808510638299,0.02565159574468085,766,60.3391053691446,60.74372245594273,1.0,0.0,0.0,1.8028720626631853,0.02873368146214099,-0.001726441717386562,0.0009583089435182046,-1.544368325173855,0.0018206483545569086,-0.001547203534459396,0.0010079187210067174,-1.5144741103053092,0.002040383541904589,0.0,3737.7909726733146
137,572070,26,1513,61.87702789317165,60.116992423870414,1.0,0.0,0.0,1.7488433575677462,0.027012557832121614,769,62.366632534546945,58.51497045612566,1.0,0.0,0.0,1.6957087126137842,0.024265279583875164,744,61.38225592048897,61.811185518526514,1.0,0.0,0.0,1.803763440860215,0.02985215053763441,-0.0012595600734368385,0.000917801041941857,-1.544124649465084,0.001511245995061472,-0.0017390305077378376,0.0008491790635162033,-1.518866802752018,0.0010993826475441892,0.0,3735.686082557821
138,576242,26,1490,60.540004976773645,59.52019970052196,1.0,0.0,0.0,1.8,0.027899328859060407,726,59.841170724412336,58.88078680141728,1.0,0.0,0.0,1.7520661157024793,0.025578512396694217,764,61.206730628350776,60.12553221667942,1.0,0.0,0.0,1.8455497382198953,0.030104712041884817,-0.0014794453850648036,0.0010882307455176488,-1.5385211616754533,0.0011784794203322235,-0.0014998425725898322,0.001125069466070272,-1.5291080251336098,0.001729159876936137,0.0,3735.2821187778864
139,580411,26,1489,60.361138897507686,60.10966781124005,1.0,0.0,0.0,1.7998656816655474,0.025748824714573543,798,59.65541530130352,60.27235992618259,1.0,0.0,0.0,1.7218045112781954,0.024385964912280702,691,61.10410901684485,59.90372220350312,1.0,0.0,0.0,1.890014471780029,0.027322720694645444,-0.0027533635182408036,0.0009052722918568179,-1.556258076429367,0.0018858301093132468,-0.001439362060818894,0.0009164192088064738,-1.5329040884971619,0.0012810460394433675,0.0,3734.5879706445407
140,584574,26,1529,60.99302170403771,61.42378904133381,1.0,0.0,0.0,1.722694571615435,0.027645519947678217,771,60.061631036593845,61.77307242629487,1.0,0.0,0.0,1.6770428015564203,0.025110246433203632,758,61.951444818293915,61.07266247228325,1.0,0.0,0.0,1.7691292875989446,0.03022427440633246,-4.314988391176389e-05,0.000934984783816617,-1.5599768549203872,0.0023593009911564876,-0.003012678130373003,0.0009836571982305032,-1.539812132716179,0.00532528420608287,0.0,3733.6269171804147
141,588736,28,1523,61.801889792639706,61.17198405918316,1.0,0.0,0.0,1.7327642810242943,0.02633617859487853,744,61.0686597126111,62.32555178982675,1.0,0.0,0.0,1.685483870967742,0.024072580645161296,779,62.50083898580983,60.06818955549628,1.0,0.0,0.0,1.7779204107830553,0.028498074454428753,-0.0011327160076191056,0.0009393114793056157,-1.5634370177984238,0.0021312887423846406,-0.0016738259068882293,0.0009488697272900026,-1.5375959143042564,0.0014937958379960038,0.0,3719.22881833902
142,592889,28,1532,60.681413404411956,60.12097835992452,1.0,0.0,0.0,1.7108355091383811,0.02671671018276763,742,59.227643545146705,59.68741869785739,1.0,0.0,0.0,1.721024258760108,0.024218328840970353,790,62.381655739817006,60.44958127121976,1.0,0.0,0.0,1.70126582278481,0.029063291139240506,-0.0024989412180275393,0.000897644656652119,-1.560560469329357,0.002455448162655216,-0.0015280339362609807,0.0008247028017649427,-1.5461351200938225,0.0012680606941714244,0.0,3717.4099809845666
143,597057,28,1533,61.337611875088015,61.235665218740564,1.0,0.0,0.0,1.7188519243313765,0.026784083496412266,765,61.430194207250565,61.311672221641295,1.0,0.0,0.0,1.6797385620915033,0.02445751633986928,768,61.242586737327514,61.16219829562829,1.0,0.0,0.0,1.7578125,0.0291015625,-0.0012651109334175902,0.000964581617154181,-1.5628260031342507,0.002819496516605113,-0.001184259981155078,0.0008282472626888193,-1.5431582763791085,0.0019288084721665656,0.0,3716.6047966494234
144,601213,28,1550,60.818142454681634,60.70170145936042,1.0,0.0,0.0,1.6812903225806453,0.026380645161290323,810,61.41944162216003,60.0855995635289,1.0,0.0,0.0,1.5740740740740742,0.023209876543209877,740,60.11915322638043,61.337106808847224,1.0,0.0,0.0,1.7986486486486486,0.029851351351351352,-0.0006514745345846506,0.0008128964458592236,-1.5671063154935836,0.0004159085242434912,-0.0024100208739783802,0.0008773097026278265,-1.5548307940363884,0.0015624206286737774,0.0,3715.3901519422825
145,605376,28,1504,61.4004211245811,61.361869880641656,1.0,0.0,0.0,1.7679521276595744,0.027440159574468083,798,60.16341122549447,60.60810077913173,1.0,0.0,0.0,1.68671679197995,0.0243609022556391,706,62.70217809827557,62.27606214369743,1.0,0.0,0.0,1.8597733711048159,0.03092067988668555,-0.0019482671358216409,0.0008463549173029605,-1.5710505709052085,0.0013443886663026205,-0.0016958467957084223,0.0008954530756454914,-1.551024353504181,0.002793525099468752,0.0,3712.3450953195443
146,609537,28,1506,60.650942293099966,61.01632996672778,1.0,0.0,0.0,1.7629482071713147,0.026115537848605583,720,59.5406386497764,60.75714062518898,1.0,0.0,0.0,1.7694444444444444,0.02398611111111111,786,61.71821091148849,61.24238984355859,1.0,0.0,0.0,1.756997455470738,0.028066157760814253,-3.336838173038925e-05,0.0009376728434290271,-1.5752907156944276,0.0014377393701579422,-0.002481004484127425,0.0009507388400379569,-1.559751069545746,0.0020582797669248974,0.0,3711.278118033456
147,613696,28,1514,60.63057453552366,60.14438331970895,1.0,0.0,0.0,1.7470277410832233,0.026532364597093794,741,61.10780770486834,58.847578845675926,1.0,0.0,0.0,1.6950067476383266,0.023562753036437248,773,60.18197535633966,61.413374292958416,1.0,0.0,0.0,1.796895213454075,0.029379042690815007,-0.0016989920861421536,0.0009175666076771449,-1.5780642554163933,0.0013401214555415208,-0.0008813822748551942,0.0008273200277471915,-1.5601043239235879,0.0018655998913345683,0.0,3708.8512320313685
148,617858,28,1532,61.074220151561676,60.82881841602498,1.0,0.0,0.0,1.716710182767624,0.0262467362924282,760,61.14576236130929,60.32825568950801,1.0,0.0,0.0,1.6263157894736842,0.02485526315789474,772,61.001163820972856,61.303971867084236,1.0,0.0,0.0,1.805699481865285,0.02761658031088083,-0.000540416199010596,0.0009761396373505704,-1.5839100658893586,0.001733548321421452,-0.00026785806986301397,0.0009293313436501194,-1.5666672706604003,0.0016093594099061193,0.0,3703.5737417238397
149,622014,28,1553,62.38444771702933,60.826258136205034,1.0,0.0,0.0,1.6761107533805537,0.027166773985833868,743,60.62087790568436,61.4767839565188,1.0,0.0,0.0,1.5746971736204576,0.024939434724091523,810,64.05939592981427,60.24994278568436,1.0,0.0,0.0,1.7691358024691357,0.029209876543209883,-0.0006304938867434662,0.000903175010898849,-1.5905179157853127,0.0019678980155276803,-0.00046178963198706955,0.0009381422212754841,-1.561801628768444,0.0008103270863557555,0.0,3702.043394468487
150,626175,28,1539,60.54338293480106,59.63004127894665,1.0,0.0,0.0,1.7037037037037037,0.02528914879792073,754,61.37537928022527,58.27695266276754,1.0,0.0,0.0,1.6326259946949602,0.02407161803713528,785,59.669455739076966,60.817310211770476,1.0,0.0,0.0,1.7719745222929937,0.026458598726114647,6.747752720457357e-05,0.0009008909961266909,-1.5919546276330947,0.0010051436172830107,-0.0013419692010414707,0.0008546487722924212,-1.5774411633610725,0.0015959042822984771,0.0,3701.0895250401322
151,630339,30,1535,59.44002235513584,60.530757235856335,1.0,0.0,0.0,1.7127035830618893,0.024729641693811075,755,59.25997635641473,62.10854302055758,1.0,0.0,0.0,1.6410596026490065,0.022264900662251657,780,59.6133105951918,58.995614310201034,1.0,0.0,0.0,1.7820512820512822,0.027115384615384618,-0.0030997574509437076,0.0009061604025191628,-1.5894642159342767,0.0023058897324858664,-0.00248044721211238,0.00067369569260336,-1.584254039824009,0.0017590027916021711,0.0,3691.2547022864273
152,634507,30,1524,59.473773433281494,59.34990551179067,1.0,0.0,0.0,1.7349081364829397,0.025045931758530184,753,59.13364566718037,60.75674217888451,1.0,0.0,0.0,1.6865869853917663,0.02369189907038513,771,59.78150807880158,57.867432464745555,1.0,0.0,0.0,1.7821011673151752,0.026368352788586253,-0.005026364996358601,0.0008176616189302877,-1.5901375338435173,0.0037381171118809676,0.0008129114374675117,0.0008271682017948478,-1.574317380785942,0.0023159989712368658,0.0,3690.3776602087755
153,638678,30,1547,60.31435971862685,63.106406806588566,1.0,0.0,0.0,1.696186166774402,0.026308985132514544,774,58.92720865834808,62.578476002653616,1.0,0.0,0.0,1.6253229974160206,0.0234625322997416,773,61.708735524011225,63.63298046192727,1.0,0.0,0.0,1.7671410090556274,0.029159120310478657,-0.0016720534838762125,0.0007692484941799194,-1.595544384419918,0.0014560136024556413,-0.0011317073458660288,0.0008705270251084585,-1.5779750868678093,0.00199574200457846,0.0,3687.674257980793
154,642822,30,1503,61.90090005882634,59.49181263606227,1.0,0.0,0.0,1.7571523619427811,0.02532934131736527,752,61.11320289604178,59.57137434749384,1.0,0.0,0.0,1.7140957446808511,0.024015957446808515,751,62.64249789656245,59.40691717861294,1.0,0.0,0.0,1.8002663115845539,0.02664447403462051,-0.00040904835439087295,0.000823682478221599,-1.602669182419777,0.001160599437929477,-0.0005060262182606023,0.000976831318985205,-1.5846770480275154,0.0007141570180351664,0.0,3683.780061519335
155,646996,30,1559,60.12972082249669,60.54187117919,1.0,0.0,0.0,1.6773572803078898,0.025150737652341246,759,60.76436574355945,59.7885813788433,1.0,0.0,0.0,1.592885375494071,0.022555994729907776,800,59.547565330995496,61.28013275409336,1.0,0.0,0.0,1.7575,0.027612500000000005,-0.0009383110823277335,0.0007440672241500578,-1.6007922142744064,0.0013099138544475863,-0.00040931092661713466,0.000867435317923082,-1.5870152339339256,0.0008797122692612902,0.0,3681.9659719788647
156,651154,30,1573,61.534999937699666,61.050843605340624,1.0,0.0,0.0,1.6433566433566433,0.02512396694214876,814,60.83047387877981,60.77520517873757,1.0,0.0,0.0,1.6007371007371007,0.022334152334152334,759,62.304587769870714,61.34098931755436,1.0,0.0,0.0,1.6890645586297761,0.028115942028985506,-0.0026946031093757483,0.0007487583578040357,-1.6085689604282378,0.0019411524345969156,-0.00011344915890346697,0.0008154006016411585,-1.584771767258644,0.0008382115754102415,0.0,3681.2672345945894
157,655309,30,1536,61.97022334361962,60.421948024042734,1.0,0.0,0.0,1.705078125,0.025533854166666665,796,60.88654805151185,61.250656114072434,1.0,0.0,0.0,1.6959798994974875,0.023944723618090455,740,63.002035082704616,59.41203554114942,1.0,0.0,0.0,1.7148648648648648,0.027243243243243242,0.0003171546301928174,0.0008570521007641218,-1.6067290723323822,0.0014893990137352375,-0.0006537306096416395,0.0008752915855438914,-1.5830814838409424,0.0009947823926495403,0.0,3680.8662194485637
158,659468,30,1505,62.24818104009118,61.96077049869377,1.0,0.0,0.0,1.763455149501661,0.024538205980066445,730,62.110979280929214,61.64826249873104,1.0,0.0,0.0,1.6575342465753424,0.02249315068493151,775,62.38068905486076,62.24796139486204,1.0,0.0,0.0,1.863225806451613,0.02646451612903226,-0.0023434427953518064,0.0008731345398700797,-1.6116775095462799,0.0021367566408116547,-0.0007881026488440579,0.0008509121791576036,-1.5848847895860672,0.0020157494004706678,0.0,3679.5796028570676
159,663640,30,1525,61.62531343829197,60.53138902158332,1.0,0.0,0.0,1.7357377049180327,0.026006557377049183,780,61.99069092085988,60.85181161931128,1.0,0.0,0.0,1.603846153846154,0.02462820512820513,745,61.25399485844652,60.18625297881783,1.0,0.0,0.0,1.8738255033557047,0.0274496644295302,-0.001048975566814947,0.0009974936954677105,-1.6100016340613366,0.0012087515178336617,-0.0014002561632537435,0.0008848842830047942,-1.5966084480285645,0.001498546723155414,0.0,3678.9929793065076
160,667801,30,1539,60.93081400565128,62.68196801617009,1.0,0.0,0.0,1.7037037037037037,0.025627030539311244,749,60.472440353044355,62.5847085642161,1.0,0.0,0.0,1.6328437917222964,0.022803738317757012,790,61.348572271318346,62.77775010936022,1.0,0.0,0.0,1.770886075949367,0.02830379746835443,-0.0008194408164207579,0.0009028344153193757,-1.6182849377393722,0.0013065635411351195,-1.2969176986377118e-05,0.0008268114524980774,-1.5984648182988166,0.0008691807388288453,0.0,3678.646857335174
161,671961,32,1609,61.44306010109373,61.13263937838834,1.0,0.0,0.0,1.5854568054692355,0.02546302050963331,822,60.96913775109168,60.397278350564015,1.0,0.0,0.0,1.5012165450121655,0.023917274939172752,787,61.929854416157546,61.91420109906027,1.0,0.0,0.0,1.673443456162643,0.02707750952986023,-0.003436802718791254,0.0008078399616351817,-1.6244115114212037,0.004467281075903884,-0.0012442754105757236,0.0007251608829392353,-1.6064959824085236,0.001426780177615683,0.0,3665.199217122421
162,676117,32,1533,62.28022208246742,61.70593353595409,1.0,0.0,0.0,1.71102413568167,0.025681669928245273,761,62.34641586334387,62.07865010584452,1.0,0.0,0.0,1.683311432325887,0.02247043363994744,772,62.21592942845689,61.33321696606368,1.0,0.0,0.0,1.738341968911917,0.028847150259067363,-0.0019811009393833957,0.0008443297498160973,-1.6116110697388648,0.001782133962797161,-0.00046538827779027403,0.0007355668683885596,-1.606926789879799,0.000936313652869103,0.0,3664.979444210587
163,680275,32,1552,60.68834582611665,61.022482547579834,1.0,0.0,0.0,1.6791237113402062,0.02576030927835052,807,60.598482651543605,59.596585531417816,1.0,0.0,0.0,1.6381660470879802,0.023135068153655517,745,60.779142644061885,62.678107416345746,1.0,0.0,0.0,1.7234899328859061,0.028604026845637585,-0.0012868214480051376,0.0008178088737622602,-1.6241099044680596,0.0011288638149778763,-0.0011530736356829107,0.0007468603827874177,-1.6076748356223107,0.0019524362181186916,0.0,3663.963636606219
164,684447,32,1560,60.7510302353355,61.31064200814199,1.0,0.0,0.0,1.6743589743589744,0.025205128205128206,815,60.0647813310623,61.39561309916045,1.0,0.0,0.0,1.6171779141104294,0.022834355828220857,745,61.48540568614216,61.215521592363004,1.0,0.0,0.0,1.7369127516778524,0.027798657718120807,-0.0016942914507429353,0.0008088969567324966,-1.6325764402747154,0.0015511183562466613,-0.0008863194226230109,0.0008556378837965894,-1.6100656032562255,0.0016742687287205626,0.0,3664.045567626479
165,688610,32,1512,59.5611203199859,59.38266031580926,1.0,0.0,0.0,1.7533068783068784,0.024206349206349207,730,59.731727987258594,58.55373328355391,1.0,0.0,0.0,1.7123287671232876,0.02152054794520548,782,59.41003492309765,60.198499026502695,1.0,0.0,0.0,1.7915601023017902,0.026713554987212278,-0.004798270071972805,0.0009000429505249486,-1.638905607163906,0.00292179642578958,-0.004727781927649444,0.000921068072784692,-1.6154638171195983,0.004481605243927334,0.0,3663.2628403075532
166,692768,32,1569,59.42573935760789,60.69371550985306,1.0,0.0,0.0,1.650095602294455,0.02454429572976418,799,60.1018482032989,60.41649497333499,1.0,0.0,0.0,1.6132665832290363,0.023066332916145182,770,58.728665896546616,60.98324087436281,1.0,0.0,0.0,1.6883116883116882,0.026077922077922082,-0.0030144393047740635,0.0007225429777463433,-1.6348951652646064,0.0035710108345313072,0.0010923624295780129,0.0007554508807515959,-1.61521714925766,0.00347809592763042,0.0,3661.899692814402
167,696937,32,1571,60.08729456968233,59.53104327192079,1.0,0.0,0.0,1.6537237428389562,0.02480585614258434,786,59.06920994368217,60.206022570909624,1.0,0.0,0.0,1.6399491094147582,0.02318066157760814,785,61.023235448352395,58.79502861078936,1.0,0.0,0.0,1.667515923566879,0.02643312101910828,0.00012435675141193593,0.0010352682998927775,-1.6394109666347503,0.0010898631864733944,-0.0024235565844325123,0.0007922140081063844,-1.619422347843647,0.0018504590241718688,0.0,3659.7366519208376
168,701099,32,1526,59.13077105734302,61.804043679762955,1.0,0.0,0.0,1.727391874180865,0.02478374836173002,774,60.22953604479444,61.29820962839231,1.0,0.0,0.0,1.6369509043927648,0.02239018087855297,752,57.978840022111676,62.3152023000954,1.0,0.0,0.0,1.8204787234042554,0.027247340425531917,-0.0015862277408426662,0.0008511025058396626,-1.6352268993854522,0.002232034340750033,-0.0008855051354590915,0.0009312215690442827,-1.6268825575709343,0.0015896701403107726,0.0,3659.678136399021
169,705251,32,1606,60.301264149227435,60.620129627149126,1.0,0.0,0.0,1.585305105853051,0.025012453300124533,816,60.788160832166426,59.44339746017001,1.0,0.0,0.0,1.4681372549019607,0.02361519607843137,790,59.79601708879075,61.8298823396302,1.0,0.0,0.0,1.7063291139240506,0.026455696202531645,-0.0009283207723966236,0.000763262599502923,-1.6481192216277123,0.004042478465999011,-0.0011573784292843504,0.0006741483633959433,-1.6289443418383598,0.000648877738393594,0.0,3657.9471236918903
170,709403,32,1562,60.20792347111017,62.00085509421698,1.0,0.0,0.0,1.6581306017925737,0.025108834827144686,776,59.41026251348449,63.20867825983951,1.0,0.0,0.0,1.6005154639175259,0.022809278350515466,786,61.02182180191907,60.84835207358481,1.0,0.0,0.0,1.7150127226463103,0.027379134860050895,-0.00032712550633959834,0.0007787501410348341,-1.6510313600301743,0.0009408645678831817,-0.0022451378963306732,0.000811005956347799,-1.6272935017943382,0.001701806901519376,0.0,3654.8805315090804
171,713560,34,1567,60.92557541672637,62.620924509247885,1.0,0.0,0.0,1.6528398213146138,0.02499042756860242,777,61.64935558407287,61.716137371815805,1.0,0.0,0.0,1.628056628056628,0.023346203346203347,790,60.13926973754103,63.42370133216555,1.0,0.0,0.0,1.6772151898734178,0.026607594936708865,7.306083169122263e-06,0.0008681686871568672,-1.6458087593317032,0.0015519022118908766,-0.0028220742778394927,0.0009000788828416262,-1.6257183358073235,0.002333871674409238,0.0,3644.391320538841
172,717728,34,1597,60.91272964069292,60.15228505046867,1.0,0.0,0.0,1.609893550407013,0.024871634314339384,848,60.70167444740288,59.283491343389265,1.0,0.0,0.0,1.5613207547169812,0.022570754716981133,749,61.15456371633777,61.123429797012214,1.0,0.0,0.0,1.664886515353805,0.027476635514018688,-0.004003185712416757,0.0006275697796809254,-1.6509542748332025,0.001986338384278952,-0.0006218775265685719,0.00083811243675882,-1.635630165040493,0.0015670591894831887,0.0,3644.3493214909017
173,721881,34,1565,60.393604740432615,61.57400268771649,1.0,0.0,0.0,1.6536741214057509,0.024779552715654952,810,59.89531796517107,61.51008699262103,1.0,0.0,0.0,1.654320987654321,0.02245679012345679,755,60.97679512823872,61.63695240253342,1.0,0.0,0.0,1.652980132450331,0.027271523178807947,-0.00023747210741545955,0.0008216622525651473,-1.637139591574669,0.0016022786322992034,-0.0013066230251704725,0.0007983747898833826,-1.6388191670179366,0.0011779945808200409,0.0,3641.8277465556957
174,726035,34,1562,61.88121778591556,60.46072000275066,1.0,0.0,0.0,1.6594110115236875,0.025480153649167732,759,60.362343449183186,59.29986140745359,1.0,0.0,0.0,1.5480895915678525,0.022859025032938077,803,63.26979653003609,61.595128655370075,1.0,0.0,0.0,1.7646326276463262,0.02795765877957659,-0.0010185265646768693,0.0008980403399618808,-1.6514878153800965,0.001980840850283627,0.0001816728164500403,0.0008991447022708599,-1.6348618879914283,0.002338808893387068,0.0,3640.822553398277
175,730202,34,1529,60.64381551698148,62.10979914214977,1.0,0.0,0.0,1.725310660562459,0.02553956834532374,783,62.03266179305505,62.06792056383232,1.0,0.0,0.0,1.6360153256704981,0.02365261813537676,746,59.24764023681254,62.15567159033401,1.0,0.0,0.0,1.8190348525469169,0.0275201072386059,-0.0005402883459677654,0.0009274840900616255,-1.6512399956583976,0.0009105680914302638,-2.2365299931448313e-05,0.0007993463768798392,-1.6405737161636353,0.001611308398150868,0.0,3640.6525127568907
176,734353,34,1542,60.42071814344027,61.248891191021784,1.0,0.0,0.0,1.691958495460441,0.024922178988326854,793,59.82021775590939,61.39980904102843,1.0,0.0,0.0,1.6469104665825978,0.022509457755359397,749,61.04192544088601,61.08539685351457,1.0,0.0,0.0,1.739652870493992,0.027476635514018695,-0.0010678088712059732,0.0008047654788242653,-1.658627885580063,0.001589407316487268,-0.0003640947958653357,0.0007358784852840472,-1.6390746265649796,0.0007404778252009692,0.0,3640.6617796690844
177,738513,34,1539,60.98531535073561,61.37084799864625,1.0,0.0,0.0,1.7030539311241066,0.02431448992852502,791,61.6971318475632,60.80686417760581,1.0,0.0,0.0,1.6371681415929205,0.021567635903919087,748,60.25267443511785,61.98334655698051,1.0,0.0,0.0,1.7727272727272727,0.027219251336898394,-0.0018095466054154185,0.0007834791867935564,-1.6622168958187102,0.0020049230141921726,-0.001909697718496406,0.000785368554352317,-1.6479567095637322,0.0013313354838597746,0.0,3638.8032621459984
178,742681,34,1580,61.42653097078234,60.15020757649081,1.0,0.0,0.0,1.6379746835443039,0.024601265822784813,774,62.210160001488504,59.9174510584118,1.0,0.0,0.0,1.5891472868217054,0.02290697674418605,806,60.65260031916908,60.36733119410183,1.0,0.0,0.0,1.684863523573201,0.026228287841191068,-0.0018374767107055545,0.0008351480653800536,-1.665825392305851,0.0016704066698139286,-0.0017979132636240125,0.000810572701448109,-1.6510700717568398,0.0013299570751826196,0.0,3638.4956691652733
179,746850,34,1565,60.93032567068942,59.169529144118464,1.0,0.0,0.0,1.6638977635782748,0.02471565495207668,777,61.25480864274,59.58843805755503,1.0,0.0,0.0,1.646074646074646,0.02195624195624196,788,60.59649894813477,58.77331972845432,1.0,0.0,0.0,1.6814720812182742,0.02743654822335025,-0.0008589755427696078,0.0008504854566126596,-1.6595739290118217,0.0010960446603576202,-0.0015343276708335908,0.0006283812752371886,-1.6547328546643256,0.0016322918880572247,0.0,3637.7716657795777
180,751022,34,1551,60.21106192146489,59.659150888495795,1.0,0.0,0.0,1.6898774983881366,0.025667311411992265,792,59.863209939552455,59.02506981403479,1.0,0.0,0.0,1.5883838383838385,0.023623737373737373,759,60.57367685221181,60.32145023066842,1.0,0.0,0.0,1.7957839262187087,0.02779973649538867,-0.0021935096054107816,0.0008967777583166025,-1.6661687731742858,0.002082039254186441,-0.00028883703967257367,0.0007431277550494997,-1.6576333105564118,0.0009829231613593947,0.0,3636.240099804101
181,755186,36,1536,60.04335270914448,61.545832314426974,1.0,0.0,0.0,1.7109375,0.024023437499999998,744,58.21985399176987,60.51051760854025,1.0,0.0,0.0,1.6841397849462365,0.021088709677419354,792,61.76013267206715,62.51627767783958,1.0,0.0,0.0,1.7361111111111112,0.026780303030303033,-0.0013369475396113246,0.0007826947439752985,-1.6667186737060546,0.0012202518139588392,-0.00022961363830013016,0.0008198954681574832,-1.6556239187717439,0.0015309973991861625,0.0,3627.5752606093142
182,759340,36,1535,59.114719699176185,60.086789397209756,1.0,0.0,0.0,1.7061889250814333,0.023980456026058635,769,60.50163777302854,59.63056021417856,1.0,0.0,0.0,1.625487646293888,0.02171651495448635,766,57.771255977507195,60.560886563910586,1.0,0.0,0.0,1.787206266318538,0.026253263707571802,-0.0019339453930069083,0.0008504612902470399,-1.66412972509861,0.0018849517728042997,-0.0028143297621972484,0.0007933477623737417,-1.6614557549357414,0.0020291779921535634,0.0,3626.6182015745844
183,763492,36,1580,60.13715863568954,60.59184801244297,1.0,0.0,0.0,1.6278481012658228,0.0240126582278481,766,60.83597681871752,60.52637793325969,1.0,0.0,0.0,1.5926892950391645,0.02233681462140992,814,59.51261098419109,60.65666339083441,1.0,0.0,0.0,1.660933660933661,0.02558968058968059,-0.0022543317659196372,0.000742250720213633,-1.6707304626703263,0.002093600691689801,-0.0039515944069803185,0.0007248950943903765,-1.6620129719376564,0.0031134290530189903,0.0,3626.387327117804
184,767644,36,1583,60.345712816434705,61.03521511054217,1.0,0.0,0.0,1.6228679722046746,0.023828174352495263,836,60.6900956676956,59.93402137922946,1.0,0.0,0.0,1.5669856459330143,0.021004784688995217,747,59.946455774588294,62.22553940496374,1.0,0.0,0.0,1.6854082998661313,0.026987951807228922,-0.00146251693042172,0.000755832247523358,-1.6713135093450546,0.0018084490360706696,-0.0025260188221695678,0.0006907720136950957,-1.6650921761989594,0.0019512676637759795,0.0,3627.244176565887
185,771800,36,1548,61.23840306653557,61.03172624376538,1.0,0.0,0.0,1.6847545219638242,0.024987080103359174,811,61.00200868553244,60.15244397685312,1.0,0.0,0.0,1.626387176325524,0.02336621454993835,737,61.50931232961356,61.960379974862555,1.0,0.0,0.0,1.7489823609226594,0.026770691994572594,-0.002840402972957956,0.0008468040905427188,-1.6743263021111487,0.0023377709911983403,-0.0007265205564368049,0.000835240438755136,-1.6674052372574806,0.001675784342478437,0.0,3625.401428016245
186,775959,36,1556,62.298170724057414,61.074033550791825,1.0,0.0,0.0,1.672879177377892,0.023483290488431875,789,61.77544059331179,60.351702684631626,1.0,0.0,0.0,1.6045627376425855,0.022978453738910016,767,62.833248810647426,61.82069162228903,1.0,0.0,0.0,1.743155149934811,0.024002607561929595,-0.0016212248363444814,0.000847650648211129,-1.6799658998847007,0.0015543495324664037,-0.001036207871527911,0.0007758212064800319,-1.6736752167344093,0.0026674963669847786,0.0,3623.3828183497926
187,780129,36,1589,61.10756916417047,60.98250789353522,1.0,0.0,0.0,1.6242920075519194,0.023700440528634365,796,59.98268086764688,60.57742099443463,1.0,0.0,0.0,1.5954773869346734,0.02100502512562814,793,62.19920953074757,61.40329583523662,1.0,0.0,0.0,1.6532156368221942,0.026406052963430016,-0.0008854042591858402,0.0006679432208329672,-1.6892044082283975,0.0016049572626343433,-0.0016616067084259222,0.0006152627269329969,-1.6737996965646744,0.002207844757276689,0.0,3622.8422361552102
188,784291,36,1565,60.66177164323526,60.926713246497684,1.0,0.0,0.0,1.6594249201277955,0.02377635782747604,762,60.298835931739426,61.94371842380578,1.0,0.0,0.0,1.6115485564304461,0.02230971128608924,803,60.986550299488265,59.904545606360614,1.0,0.0,0.0,1.7048567870485678,0.025168119551681196,-0.0009088587755436584,0.0007812594056304078,-1.6847716495394707,0.0017704355932551153,-0.0017782872295758478,0.000776879649492912,-1.6668184742331504,0.0019125478531577754,0.0,3622.517977147864
189,788446,36,1548,61.116519783278214,61.3589060689357,1.0,0.0,0.0,1.684108527131783,0.024793281653746772,727,60.04884993251897,61.35801890620256,1.0,0.0,0.0,1.6299862448418156,0.022145804676753783,821,62.132833362735134,61.3596370410468,1.0,0.0,0.0,1.7320341047503045,0.027137637028014618,-0.000838704947384128,0.0009509641691693105,-1.6875001162290573,0.0014441246299156773,-0.0021570377004298978,0.0008255623099103105,-1.679378914833069,0.0016660050652717473,0.0,3621.8904186285713
190,792605,36,1553,60.44914698449526,62.124252615776186,1.0,0.0,0.0,1.6780424983902125,0.024050225370251126,764,60.36752328364002,62.603557490421025,1.0,0.0,0.0,1.587696335078534,0.020602094240837695,789,60.53242382359567,61.68509256565745,1.0,0.0,0.0,1.7655259822560203,0.027389100126742713,-0.001726008035938753,0.0007851518770621624,-1.691705371439457,0.0007111590852140637,-0.0015555623300087973,0.0008530840648745652,-1.6748163238167764,0.0026785727629430765,0.0,3621.369920670753
191,796761,38,1582,61.019552185475064,60.08000858976877,1.0,0.0,0.0,1.6270543615676358,0.024115044247787615,784,60.79566567630922,59.37196652274707,1.0,0.0,0.0,1.5625,0.02214285714285714,798,61.2434386946409,60.763453661906325,1.0,0.0,0.0,1.6904761904761905,0.02605263157894737,-0.0011785737481630587,0.000736560438235756,-1.6965244650840758,0.0016620203241764387,-0.00018791132351907435,0.0007334786376304691,-1.6777604937553405,0.0018046531832055734,0.0,3610.8055522833865
192,800917,38,1554,60.90262670993001,61.76814215711463,1.0,0.0,0.0,1.6743886743886744,0.023037323037323035,796,60.199067872522704,60.79793866022658,1.0,0.0,0.0,1.650753768844221,0.020703517587939698,758,61.61738277021383,62.819832561877796,1.0,0.0,0.0,1.6992084432717678,0.025488126649076518,-0.001840680704394082,0.000735743443510728,-1.689024268090725,0.0017537637951136275,-0.0003632024658450139,0.0007815811572072562,-1.6793069928884505,0.000793716127908084,0.0,3610.963781038384
193,805086,38,1562,60.79501713908185,61.281408122365306,1.0,0.0,0.0,1.6690140845070423,0.023207426376440462,770,61.70397724991363,61.02640383708863,1.0,0.0,0.0,1.612987012987013,0.022363636363636367,792,59.8815460599581,61.52067949543984,1.0,0.0,0.0,1.7234848484848484,0.02402777777777778,0.0002197960608861127,0.0006521713185065892,-1.7039768666028976,0.0010083670598021398,-0.00048738766855769276,0.0008357585364137776,-1.6851024478673935,0.0009936961925745892,0.0,3609.5908258772474
194,809256,38,1572,61.48222733172558,60.901339953840576,1.0,0.0,0.0,1.6526717557251909,0.024173027989821887,778,60.937497989831876,61.72262107780414,1.0,0.0,0.0,1.6259640102827764,0.021208226221079693,794,62.00244385323409,60.075889890161456,1.0,0.0,0.0,1.6788413098236776,0.02707808564231738,-0.002654851200586175,0.0007344280231336598,-1.7007902994751931,0.00252296487960848,-0.00016707534442297333,0.0007650512183317914,-1.667954544723034,0.0017271323396171212,0.0,3609.567514995675
195,813416,38,1568,61.12274879104825,60.54088173242243,1.0,0.0,0.0,1.653061224489796,0.023392857142857142,809,60.3147106479995,59.89009467002502,1.0,0.0,0.0,1.608158220024722,0.022274412855377013,759,61.98408760316357,61.234483733135455,1.0,0.0,0.0,1.7009222661396575,0.02458498023715415,-0.0009384150601759067,0.0006797130896302406,-1.7028472572565079,0.0008140961724748763,-0.0008617046323327826,0.0007474852191080572,-1.6904238745570184,0.0014628680758789869,0.0,3609.149213056786
196,817582,38,1580,62.156699627729324,59.84076032051286,1.0,0.0,0.0,1.6367088607594937,0.0240126582278481,814,63.53557103168985,60.02304211762925,1.0,0.0,0.0,1.5405405405405406,0.02199017199017199,766,60.724105961276834,59.642690336244655,1.0,0.0,0.0,1.7389033942558747,0.02616187989556136,-0.001982392382938536,0.0006801797848311253,-1.7073318392038346,0.002263582264845354,-0.0011806124886182602,0.0006841660855570808,-1.6983618780970573,0.001939006766512345,0.0,3608.9957105983954
197,821739,38,1568,60.41807181514497,60.339312727771976,1.0,0.0,0.0,1.6511479591836735,0.023571428571428573,781,59.21047998898073,59.95772824564829,1.0,0.0,0.0,1.6133162612035852,0.021498079385403334,787,61.60708530552206,60.72089720989566,1.0,0.0,0.0,1.6886912325285897,0.0256289707750953,-0.0014462650951208521,0.000801813675207086,-1.6950071081519127,0.0017639525185586535,-0.002766511976096808,0.0006953208598133642,-1.693143394589424,0.003177482440219137,0.0,3608.7465047345695
198,825891,38,1565,60.92614335633216,60.99920949931979,1.0,0.0,0.0,1.653035143769968,0.022932907348242812,802,60.73443284864653,62.29876497271912,1.0,0.0,0.0,1.5798004987531171,0.0213715710723192,763,61.107230107924394,59.48306144702058,1.0,0.0,0.0,1.7300131061598951,0.024574049803407605,-0.0030858262542752283,0.0007320599870581646,-1.7064420953392982,0.0023847240891505805,-0.001477806122949407,0.0007153792834287742,-1.692987358570099,0.0031048106544858457,0.0,3608.4060432531105
199,830039,38,1614,61.22066538750934,61.15472644004701,1.0,0.0,0.0,1.5700123915737298,0.02355638166047088,839,61.37696235866872,60.35133241921355,1.0,0.0,0.0,1.5053635280095352,0.021132300357568534,775,61.0604996794401,62.07505651782119,1.0,0.0,0.0,1.64,0.026180645161290327,-0.0015483492154556356,0.0006865297320473474,-1.7167564779520035,0.0023103379640929235,-0.0008914545108986316,0.0006359318413160508,-1.6963220611214638,0.0022610596250615344,0.0,3606.951729508372
200,834194,38,1601,61.707017083662045,60.61255483089779,1.0,0.0,0.0,1.5952529668956903,0.023741411617738916,801,60.485534273901145,59.869806222090084,1.0,0.0,0.0,1.571785268414482,0.021410736579275905,800,62.85162335294849,61.41135993848343,1.0,0.0,0.0,1.61875,0.026075,-0.002633026833006896,0.0006903378722199705,-1.7197037801146506,0.00215167786254824,-0.004339024432792283,0.0007576434763905127,-1.7043129548430442,0.002278154897157236,0.0,3607.1898921149086
201,838364,40,1600,61.53066177064155,61.136340529536255,1.0,0.0,0.0,1.60625,0.023893750000000002,787,61.140985060187155,60.271671234243826,1.0,0.0,0.0,1.565438373570521,0.021994917407878022,813,61.915491755841536,61.95682964185753,1.0,0.0,0.0,1.6457564575645756,0.02573185731857319,-0.0005749882300733588,0.0007939110109873582,-1.714416192471981,0.0010907150119237486,-0.0013783266394751914,0.0007310810160561232,-1.7063747927546502,0.0009729324127590644,0.0,3598.2382556007874
202,842519,40,1582,61.216691296435876,61.08625601742212,1.0,0.0,0.0,1.6264222503160557,0.023849557522123897,776,60.189540534044774,61.45668276293903,1.0,0.0,0.0,1.5438144329896908,0.021198453608247427,806,62.1881836431309,60.72323780681554,1.0,0.0,0.0,1.705955334987593,0.026401985111662533,-8.931568669007239e-06,0.0007623948629770893,-1.723773217201233,0.0005653855919348416,-0.0018664191176720273,0.0006285247149207862,-1.7076779767870902,0.002664787946002889,0.0,3598.1017780756215
203,846682,40,1576,60.61463225992016,61.95337764851731,1.0,0.0,0.0,1.641497461928934,0.023274111675126902,779,61.53225983065425,63.40156294748607,1.0,0.0,0.0,1.6431322207958923,0.02143774069319641,797,59.64175486162878,60.648266077880415,1.0,0.0,0.0,1.6398996235884566,0.025069008782936004,0.0007129365191665266,0.0008141131278534885,-1.7161833509802817,0.0015330714271840407,-0.0013565930341110032,0.0007591667126689572,-1.7105154410004615,0.002331374990535551,0.0,3597.6248694346577
204,850834,40,1582,59.99756116976786,61.7290571836271,1.0,0.0,0.0,1.6245259165613148,0.023350189633375477,761,60.265405537911384,61.53242218226248,1.0,0.0,0.0,1.5611038107752957,0.02164257555847569,821,59.7655551325731,61.9241987546016,1.0,0.0,0.0,1.6833130328867234,0.024933008526187576,0.0005467537475615403,0.0006476261009083828,-1.722227542102337,0.0011079534416580828,-0.00030806172529241894,0.0008315978593600448,-1.710472509264946,0.0007181538581107816,0.0,3595.3376769428664
205,855004,40,1606,60.67484447595678,58.64638449577617,1.0,0.0,0.0,1.5965130759651307,0.023511830635118306,792,60.50834269528082,59.09737186696264,1.0,0.0,0.0,1.5214646464646464,0.021792929292929294,814,60.84470145624334,58.22784225920743,1.0,0.0,0.0,1.6695331695331694,0.025184275184275184,-0.0016232512995535075,0.0007265945809194818,-1.7241132348775863,0.0015550482823243783,-0.0010953352279102547,0.0007859682180423988,-1.712808147072792,0.0015423926672383458,0.0,3594.7069994603557
206,859160,40,1584,61.39402972588302,61.544456006514224,1.0,0.0,0.0,1.6237373737373737,0.02373106060606061,760,61.71914917629787,61.45861373150934,1.0,0.0,0.0,1.5394736842105263,0.02069736842105263,824,61.08318381231566,61.620760250963,1.0,0.0,0.0,1.7014563106796117,0.02652912621359223,-0.00033165405018812933,0.0007422388669510837,-1.728319175541401,0.001216627499616152,-0.001440241699528122,0.0007622432822245173,-1.7138560265302658,0.001510939346962914,0.0,3594.02220479046
207,863327,40,1586,60.57724119580621,60.1922886467941,1.0,0.0,0.0,1.6273644388398487,0.023177805800756623,795,60.59140595355649,60.154753167946836,1.0,0.0,0.0,1.5169811320754718,0.021974842767295596,791,60.563183207586704,60.23049269651141,1.0,0.0,0.0,1.738305941845765,0.02438685208596713,-0.0008316957012558523,0.000685705726937158,-1.720252937078476,0.0011941652803614034,-0.0010658607906862017,0.0006590692806639709,-1.7138756573200227,0.002666191043212507,0.0,3593.453883777017
208,867489,40,1602,62.25885855161272,60.10035433179656,1.0,0.0,0.0,1.5980024968789013,0.023339575530586767,806,62.171753356281464,60.30178942081605,1.0,0.0,0.0,1.5099255583126552,0.02109181141439206,796,62.347480504076614,59.897385473063736,1.0,0.0,0.0,1.6871859296482412,0.02561557788944724,-0.002123642985973828,0.0006403172334103147,-1.7337372317910194,0.001926380408622208,0.0003604371074374946,0.0007026165836578002,-1.7202003717422485,0.0012358408538943877,0.0,3593.527781327453
209,871651,40,1602,62.070089276167046,60.39264578141955,1.0,0.0,0.0,1.5980024968789013,0.0233832709113608,806,62.14904171140554,59.71144298959556,1.0,0.0,0.0,1.5694789081885856,0.021129032258064517,796,61.98993146023787,61.08060989127653,1.0,0.0,0.0,1.6268844221105527,0.025665829145728642,-0.0002742399969384079,0.0007165620147134178,-1.7368218839168548,0.0016075168601901169,-0.00013288554377461348,0.0005550063826376573,-1.7202765688300132,0.0005278653770062647,0.0,3592.357660115232
210,875816,40,1598,61.12460671341085,62.39142494187897,1.0,0.0,0.0,1.6063829787234043,0.023967459324155192,823,60.986584088528,62.590769833731386,1.0,0.0,0.0,1.5965978128797085,0.021603888213851764,775,61.281331590987854,62.1930620445677,1.0,0.0,0.0,1.616774193548387,0.02647741935483871,-4.8706858181235545e-05,0.0007920262607512996,-1.7280830219388008,0.002019995749287773,-3.144747589614028e-05,0.000682974803930847,-1.7232645466923713,0.0010307667706683787,0.0,3592.005836475933
211,879981,42,1512,60.69437600394301,60.56837065708608,1.0,0.0,0.0,1.7546296296296295,0.022652116402116403,741,60.74482896202724,59.586757098245386,1.0,0.0,0.0,1.7719298245614035,0.020566801619433195,771,60.644988015950275,61.494893659053055,1.0,0.0,0.0,1.7380025940337225,0.02465629053177691,-0.008213235534059227,0.0007450435070495587,-1.7309707894921302,0.005021285474140313,-0.0034519250602952716,0.0008328002106281929,-1.7291507467627525,0.004385361347021899,0.0,3583.88470207208
212,884144,42,1598,60.43171940738922,60.26940282875556,1.0,0.0,0.0,1.6051314142678348,0.02297872340425532,833,59.89990821261498,60.08862894086251,1.0,0.0,0.0,1.6002400960384153,0.02100840336134454,765,60.95429318686959,60.48762987021761,1.0,0.0,0.0,1.6104575163398693,0.025124183006535947,-0.0003785890809575365,0.0007821595063433051,-1.73076431453228,0.0009841222641853165,-0.0022936451322675745,0.000751109632983571,-1.7303271070122719,0.0026208449060078466,0.0,3583.898522373543
213,888311,42,1585,60.61844578465884,59.61726483824796,1.0,0.0,0.0,1.6290220820189274,0.023507886435331235,768,61.183864655366975,59.84583948646479,1.0,0.0,0.0,1.51953125,0.022252604166666672,817,60.09706707724709,59.398509625992716,1.0,0.0,0.0,1.7319461444308446,0.024687882496940025,-0.001810047514121374,0.0007330129792535445,-1.7392444178462028,0.001153976298382986,-0.005626890662366412,0.0007358666094660294,-1.7273047775030137,0.002562771643896333,0.0,3583.169225761494
214,892470,42,1613,60.82691068216598,61.80807846093894,1.0,0.0,0.0,1.5784252944823312,0.02306261624302542,822,60.48367409459087,62.051404452087674,1.0,0.0,0.0,1.532846715328467,0.02147201946472019,791,61.15762038698288,61.535297218230085,1.0,0.0,0.0,1.6257901390644753,0.024715549936788875,-0.0013925818003030458,0.0006556421936693369,-1.7357605397701263,0.001971595174535423,-0.00026189276699906117,0.000630603097306448,-1.7238699674606324,0.0012929846185016913,0.0,3583.277657604076
215,896626,42,1576,61.68704963748987,61.386249256312304,1.0,0.0,0.0,1.6370558375634519,0.023343908629441627,780,61.18728086917637,61.03697135365483,1.0,0.0,0.0,1.5935897435897435,0.020820512820512824,796,62.14599570938173,61.75067441495237,1.0,0.0,0.0,1.67964824120603,0.025816582914572866,-0.002597877756608713,0.0006281746012973599,-1.738375659286976,0.0034314669013838285,-0.0015486381018490647,0.0006832985553046455,-1.736250029504299,0.0010590836341179966,0.0,3582.860592256469
216,900783,42,1606,60.26367461241453,60.76326185090455,1.0,0.0,0.0,1.5884184308841842,0.023132004981320054,855,60.3160651081109,60.7166141581066,1.0,0.0,0.0,1.4970760233918128,0.022116959064327486,751,60.200689916757405,60.813617437232594,1.0,0.0,0.0,1.692410119840213,0.024287616511318246,-0.00037595348292143174,0.0006593446418264648,-1.7412042543292046,0.00166419831462008,0.0016090515662724458,0.0006648741797107505,-1.7305384293198585,0.003549570193077045,0.0,3583.1316433875118
217,904940,42,1600,59.15396883475408,61.56457163302244,1.0,0.0,0.0,1.598125,0.022949999999999998,801,59.847519822353775,62.36730553033658,1.0,0.0,0.0,1.5493133583021224,0.021248439450686645,799,58.44633559359907,60.7737300897426,1.0,0.0,0.0,1.6470588235294117,0.024655819774718396,-0.0005580600745209566,0.0005123182258103043,-1.743947295844555,0.0014720365409019109,-0.0007794431786999567,0.0006909302654094062,-1.7367250502109528,0.0014299452235718491,0.0,3581.908222029499
218,909101,42,1582,59.80495240603907,60.96961648736194,1.0,0.0,0.0,1.6302149178255374,0.02274968394437421,843,60.24104780236722,61.551145831854434,1.0,0.0,0.0,1.5741399762752075,0.02117437722419929,739,59.34145834606726,60.257772443823505,1.0,0.0,0.0,1.6941813261163734,0.02454668470906631,-0.0012576981753513266,0.0007119927293388173,-1.7348120838403702,0.0018106301550027126,-0.0005246773254530046,0.00066772065947589,-1.7440160155296325,0.002304942615296568,0.0,3578.83151527411
219,913258,42,1579,61.41720117328336,60.27623363223051,1.0,0.0,0.0,1.6326789107029767,0.022780240658644712,784,62.35240999151992,61.38675842708361,1.0,0.0,0.0,1.558673469387755,0.02127551020408163,795,60.47259327144642,59.20766821249781,1.0,0.0,0.0,1.7056603773584906,0.02426415094339623,0.00015697011922550798,0.0007697918561461847,-1.740153358876705,0.0006918618289091683,-0.0020358078490081673,0.0007361934352957178,-1.7384794726967812,0.0018883435606767307,0.0,3578.1005464494187
220,917418,42,1617,61.95312606599094,60.98007361551142,1.0,0.0,0.0,1.572665429808287,0.022034632034632032,783,62.93080465253338,61.2135553218609,1.0,0.0,0.0,1.4980842911877394,0.02099616858237548,834,61.06910360572943,60.75234269010651,1.0,0.0,0.0,1.6426858513189448,0.02300959232613909,-0.000790747949846482,0.0006322361070488114,-1.750337301194668,0.0018925898736370072,0.00015975993106915888,0.0006472807355748956,-1.7503829583525659,0.001695205000032729,0.0,3577.643702773634
221,921568,44,1610,60.56509886292652,59.74053350048789,1.0,0.0,0.0,1.5776397515527951,0.022968944099378885,807,61.20721136779708,59.56586224950612,1.0,0.0,0.0,1.5142503097893432,0.021437422552664193,803,59.948105673649934,59.9240713124332,1.0,0.0,0.0,1.6413449564134495,0.024508094645080945,-0.0016565069488024165,0.000685684537893394,-1.750388042628765,0.00203849765657651,-0.0008308573766819483,0.00058567785708874,-1.7413856580853462,0.0006731464701942968,0.0,3570.796206274642
222,925721,44,1595,59.775879000845634,61.026558400330494,1.0,0.0,0.0,1.6037617554858934,0.023222570532915366,802,59.56695047940222,60.593145876990164,1.0,0.0,0.0,1.5149625935162094,0.02149625935162095,793,59.987506857191406,61.464240997792416,1.0,0.0,0.0,1.6935687263556116,0.02496847414880202,-0.00498867447529856,0.000814596249256283,-1.745466521382332,0.002361721194756683,-0.0010302328587590281,0.0006951526418561115,-1.7433215633034707,0.0030631081187380005,0.0,3570.794834270241
223,929877,44,1600,61.49388223234297,59.77573533281466,1.0,0.0,0.0,1.5975,0.02274375,796,62.7739114960298,59.87502669837059,1.0,0.0,0.0,1.4836683417085428,0.021394472361809046,804,60.213852968656155,59.67844985343156,1.0,0.0,0.0,1.7101990049751243,0.02407960199004975,-0.005434214942382787,0.0006610900338273496,-1.7586078226566315,0.002586474978130582,-0.002179950692843316,0.0006237160225282424,-1.756600096821785,0.0060998862287576115,0.0,3569.0452359097276
224,934034,44,1591,60.63331351894121,61.71561458725786,1.0,0.0,0.0,1.6128221244500314,0.02267127592708988,767,59.7957429613476,61.760147571937175,1.0,0.0,0.0,1.54367666232073,0.02126466753585398,824,61.429522567517864,61.675014109578846,1.0,0.0,0.0,1.6771844660194175,0.023980582524271845,-0.0006877860708764727,0.0006336201113299467,-1.7515674769878387,0.0014765328738462814,-0.0017656662378446653,0.000723553984062164,-1.758282768726349,0.0017361891636710424,0.0,3567.03139031294
225,938186,44,1590,61.55521008900795,60.72676027842503,1.0,0.0,0.0,1.6113207547169812,0.02278616352201258,792,61.08024724770869,60.99700037057154,1.0,0.0,0.0,1.5568181818181819,0.02032828282828283,798,62.031345678063495,60.461333623034335,1.0,0.0,0.0,1.6654135338345866,0.02522556390977444,-0.0002361921903755948,0.0006474168003478553,-1.7565702676773072,0.0014976926061649465,-0.001689818385909203,0.0006270399935601745,-1.7521991923451423,0.0006814871501774177,0.0,3564.4847921755536
226,942345,44,1576,61.96239776585923,60.301870428661445,1.0,0.0,0.0,1.638959390862944,0.023071065989847716,775,62.54980832374098,59.46489399635377,1.0,0.0,0.0,1.624516129032258,0.019961290322580646,801,61.37498720797749,61.084714056889524,1.0,0.0,0.0,1.6529338327091136,0.026079900124843947,-0.000993342937120656,0.0007455047860275954,-1.755033975839615,0.0020933371868522956,-0.003455623759192894,0.0007389337457425427,-1.7598691493272782,0.002373898123937579,0.0,3564.7390377285446
227,946502,44,1583,60.35895242728477,61.9736173799436,1.0,0.0,0.0,1.6260265319014529,0.021212886923562855,780,60.49684346847596,62.07209082353655,1.0,0.0,0.0,1.5320512820512822,0.01946153846153846,803,60.2333183675328,61.87192746708756,1.0,0.0,0.0,1.7173100871731009,0.02291407222914072,-0.0052026891409238775,0.0008636948532512179,-1.759194625914097,0.0030284939177420258,-0.001613755114522064,0.000561520695919171,-1.7634007245302201,0.0011615905017606566,0.0,3564.416762240073
228,950662,44,1618,60.4307865194692,61.41354073307661,1.0,0.0,0.0,1.5710754017305315,0.022051915945611872,793,59.904715409771434,62.018655105888506,1.0,0.0,0.0,1.4905422446406054,0.020643127364438844,825,60.92804897315972,60.82187334632719,1.0,0.0,0.0,1.6484848484848484,0.023406060606060607,0.00034422575721422267,0.0006177523868245771,-1.7720292016863823,0.0013312664223349203,-0.00014151719890415082,0.0007904798549134284,-1.7594392582774163,0.0015805151605263745,0.0,3564.0592597232608
229,954818,44,1610,60.43776302141433,60.540970827751735,1.0,0.0,0.0,1.5813664596273291,0.022527950310559004,790,60.09784898118325,61.447692402829084,1.0,0.0,0.0,1.489873417721519,0.020924050632911393,820,60.76609848119957,59.66972002333755,1.0,0.0,0.0,1.6695121951219511,0.02407317073170732,0.0007661505043764283,0.0007553658222605008,-1.7604260370135307,0.0019484663805997115,9.611982237609229e-05,0.0006840716629085364,-1.7573177427053452,0.0014435287838296062,0.0,3563.3372784445783
230,958973,44,1599,61.04294028840686,60.421025547660555,1.0,0.0,0.0,1.598499061913696,0.02220762976860538,763,60.48010607625977,58.99681817100393,1.0,0.0,0.0,1.5006553079947575,0.020078636959370906,836,61.542505080921465,61.75817868369023,1.0,0.0,0.0,1.687799043062201,0.024150717703349287,-0.0002607584159074361,0.0006304914229986025,-1.7674199670553208,0.003032844041149474,-0.0017626132460045573,0.000681435640581185,-1.7656016007065773,0.0010675389315565552,0.0,3563.414475123225
231,963137,46,1564,60.22359812496895,62.02290561842169,1.0,0.0,0.0,1.6624040920716112,0.02328005115089514,765,60.15806760739434,62.976335338264825,1.0,0.0,0.0,1.6222222222222222,0.020980392156862742,799,60.28645392754049,61.111642323534774,1.0,0.0,0.0,1.7008760951188986,0.02548185231539424,-0.001535494385904257,0.0006436570052755997,-1.7622390434145927,0.0008980503321138755,-0.0011635221854239153,0.0007271971902810037,-1.757762649655342,0.001797418633043435,0.0,3555.6438667837665
232,967290,46,1593,61.57708209623925,61.04709088777063,1.0,0.0,0.0,1.6070307595731324,0.022146892655367234,818,60.640468056557054,61.49344212881251,1.0,0.0,0.0,1.5525672371638142,0.020158924205378976,775,62.5662612095771,60.57626607998754,1.0,0.0,0.0,1.664516129032258,0.02424516129032258,1.824402011953441e-05,0.000721667771358625,-1.7725683972239494,0.001681913769402854,-0.0011391662123443115,0.0006730762874212814,-1.7561075165867805,0.0032627413940645054,0.0,3555.8089109070525
233,971463,46,1619,60.14607346713517,62.24889109897815,1.0,0.0,0.0,1.5775169857937,0.022254478072884498,774,59.46227473020348,62.14280242120047,1.0,0.0,0.0,1.516795865633075,0.02037467700258398,845,60.73848896272575,62.35162417380909,1.0,0.0,0.0,1.6331360946745561,0.023976331360946748,0.0008833420450075624,0.0005946692206634907,-1.7731672152876854,0.0018861258215878251,-0.0008349184967957113,0.0006762160210200818,-1.7717681527137756,0.001493603373677388,0.0,3554.1879344799904
234,975611,46,1614,60.393994681153025,61.22784090896466,1.0,0.0,0.0,1.5700123915737298,0.022608426270136303,779,61.17350676232558,60.67894502038554,1.0,0.0,0.0,1.521181001283697,0.019717586649550704,835,59.65747727112428,61.73340291160331,1.0,0.0,0.0,1.6155688622754492,0.02530538922155689,5.177274323405201e-05,0.0006053063800209202,-1.7755459904670716,0.0016819491555907008,0.00045838235281097094,0.0006969015626964392,-1.7679488435387611,0.0013762074448663952,0.0,3553.9957163816366
235,979767,46,1648,61.644171748701915,61.68840626003601,1.0,0.0,0.0,1.5218446601941749,0.02283373786407767,826,61.71818312312026,61.37828703295596,1.0,0.0,0.0,1.4515738498789346,0.021053268765133172,822,61.56334602778981,61.975500393690176,1.0,0.0,0.0,1.5924574209245743,0.024622871046228713,-0.0003822240092117901,0.0006392779709130991,-1.781039722263813,0.0013847327205255056,-0.0025322962998870933,0.0005900486765312962,-1.78056700527668,0.002705984363228708,0.0,3553.5981375891733
236,983921,46,1600,61.029464857910966,61.80443414053454,1.0,0.0,0.0,1.59625,0.02245625,817,60.23038893390806,61.9046866018284,1.0,0.0,0.0,1.539779681762546,0.01974296205630355,783,61.93817652874274,61.70864837306069,1.0,0.0,0.0,1.6551724137931034,0.02528735632183908,2.1543295531500917e-05,0.0006265630410780432,-1.7755700007081032,0.0010639524755788443,-0.0011135075204117633,0.0007471090102626476,-1.7763757437467576,0.0015979284511047354,0.0,3553.411927001562
237,988084,46,1641,60.512072995383754,60.14232775696656,1.0,0.0,0.0,1.5368677635588055,0.023284582571602687,827,60.7634901133597,59.54417945989897,1.0,0.0,0.0,1.4631197097944377,0.021160822249093107,814,60.26307334969604,60.76602510189885,1.0,0.0,0.0,1.6117936117936118,0.025442260442260445,-0.00014266955563762006,0.0006348242379317526,-1.7758707970380783,0.001680305729939846,-0.0016322096928269637,0.0006390931484929752,-1.779120895266533,0.0034196480483160486,0.0,3551.491141135188
238,992240,46,1617,61.479435281980365,60.56874983598763,1.0,0.0,0.0,1.5701917130488559,0.023203463203463205,766,60.66450498767573,60.41829927433472,1.0,0.0,0.0,1.4960835509138382,0.02079634464751958,851,62.20799047596701,60.70512948180251,1.0,0.0,0.0,1.63689776733255,0.02537015276145711,-0.0018921226208163638,0.0006507556605356513,-1.781499345600605,0.0014292310359905968,-0.00223178731267802,0.0007225913999718614,-1.77848359644413,0.0018586362346638906,0.0,3551.395466414642
239,996390,46,1587,60.81005808488013,61.32391010061758,1.0,0.0,0.0,1.6149968494013862,0.021537492123503466,798,60.60688246263098,60.957556198746296,1.0,0.0,0.0,1.5726817042606516,0.019799498746867168,789,61.02064115169046,61.68574111481145,1.0,0.0,0.0,1.6577946768060836,0.023295310519645118,-0.005068453822754465,0.0006563343609741423,-1.7781598672270775,0.0022412312469896277,-0.000713836768595566,0.0006370173232426168,-1.772254228591919,0.0011665903140880118,0.0,3551.207123964771
240,1000534,46,1628,62.56694651325683,60.727428682874574,1.0,0.0,0.0,1.5454545454545454,0.023120393120393122,825,62.411970335120145,59.95298757830268,1.0,0.0,0.0,1.4836363636363636,0.021503030303030305,803,62.73447772354636,61.48288838782459,1.0,0.0,0.0,1.6089663760896638,0.02478206724782067,-6.275821809781368e-05,0.0005756614908023038,-1.7765953734517097,0.003290906744435773,-0.0006089365004070147,0.0007659120117750717,-1.7830626472830773,0.0005185310951674182,0.0,3551.542811970649
